Phase,Temperature,Treatment,Table,Colony,Plate,RackRep,Frag,TotalChangeG,TotalPercentDay,TotalPercentChange
Stress,Ambient,Single,A,5,1_5_P02,10,1_5_22,NA,NA,NA
Stress,Ambient,Single,A,5,1_5_P02,8,1_5_6,NA,NA,NA
Stress,Ambient,Single,A,5,1_5_P02,6,1_5_8,NA,NA,NA
Stress,Ambient,Single,A,5,1_5_P02,1,1_5_5,NA,NA,NA
Stress,Ambient,Single,A,5,1_5_P02,4,1_5_26,NA,NA,NA
Stress,Ambient,Single,B,3,1_3_P03,1,1_3_28,NA,NA,NA
Stress,High,Diverse,D,31,2_P15,6,2_31_59,NA,NA,NA
Stress,Ambient,Single,A,24,1_24_P03,8,1_24_13,NA,NA,NA
Stress,High,Diverse,C,23,2_P10,6,2_23_53,NA,NA,NA
Stress,Ambient,Single,A,1,1_1_P01,6,1_1_13,NA,NA,NA
Stress,Ambient,Single,A,5,1_5_P02,5,1_5_40,NA,NA,NA
Stress,Ambient,Single,A,5,1_5_P02,9,1_5_10,-0.385354648,-0.878813377,-12.30338727
Stress,Ambient,Single,A,5,1_5_P02,2,1_5_38,-0.34973986,-0.836206349,-11.70688888
Stress,High,Single,C,3,1_3_P01,2,1_3_2,-0.707263725,-0.792759595,-11.09863433
Stress,Ambient,Single,A,5,1_5_P02,7,1_5_32,-0.32607715,-0.785854757,-11.00196659
Stress,Ambient,Single,A,5,1_5_P02,3,1_5_29,-0.171451999,-0.718359969,-10.05703957
Stress,Ambient,Diverse,B,12,2_P18,9,2_12_44,-0.170904786,-0.564893289,-7.908506052
Stress,High,Diverse,C,23,2_P07,7,2_23_60,-0.154553697,-0.538813633,-7.543390864
Stress,High,Diverse,D,2,2_P15,7,2_2_52,-0.158730174,-0.460641256,-6.448977581
Stress,High,Single,D,23,1_23_P04,8,1_23_22,-0.134705921,-0.443957279,-6.215401905
Stress,High,Single,C,5,1_5_P03,7,1_5_21,-0.060835294,-0.430128386,-6.021797403
Grow-Out,Ambient,Single,C,5,1_5_P01,3,1_5_3,-0.122289189,-0.425566962,-34.47092389
Stress,High,Single,D,23,1_23_P04,5,1_23_8,-0.059171945,-0.372121269,-5.209697762
Stress,High,Single,C,5,1_5_P03,1,1_5_34,-0.051445889,-0.346653224,-4.853145132
Stress,High,Single,C,5,1_5_P03,8,1_5_25,-0.061308958,-0.338204913,-4.734868784
Stress,High,Diverse,D,3,2_P12,4,2_3_52,-0.151570052,-0.325878064,-4.562292895
Stress,Ambient,Single,A,23,1_23_P03,2,1_23_6,-0.052418558,-0.319684287,-4.475580013
Stress,Ambient,Single,B,23,1_23_P01,4,1_23_32,-0.053574532,-0.312623694,-4.37673172
Stress,High,Diverse,D,3,2_P19,5,2_3_57,-0.071859696,-0.311908059,-4.366712823
Stress,High,Diverse,C,4,2_P07,6,2_4_57,-0.093310718,-0.290659768,-4.069236746
Stress,High,Single,C,2,1_2_P03,6,1_2_38,-0.07530096,-0.267725254,-3.748153554
Stress,High,Single,D,4,1_4_P01,10,1_4_1,-0.04784833,-0.255547135,-3.577659886
Stress,High,Single,D,24,1_24_P02,9,1_24_31,-0.072733893,-0.248411907,-3.477766699
Stress,Ambient,Diverse,B,4,2_P08,2,2_4_41,-0.048775961,-0.231326391,-3.238569472
Stress,High,Diverse,D,2,2_P05,3,2_2_59,-0.058596047,-0.222026775,-3.108374848
Stress,High,Single,C,5,1_5_P03,4,1_5_35,-0.037639924,-0.203907398,-2.854703574
Stress,High,Single,C,5,1_5_P03,2,1_5_24,-0.047718353,-0.203003851,-2.842053915
Stress,High,Single,C,5,1_5_P03,10,1_5_31,-0.055435107,-0.192582971,-2.696161588
Stress,Ambient,Single,A,12,1_12_P04,7,1_12_4,-0.064556113,-0.185000482,-2.590006742
Stress,High,Single,D,12,1_12_P02,9,1_12_61,-0.064419369,-0.180009293,-2.520130096
Stress,High,Single,C,5,1_5_P03,9,1_5_20,-0.032914179,-0.179270976,-2.509793664
Grow-Out,Ambient,Diverse,B,2,2_P10,2,2_2_53,-0.451191597,-0.168802931,-13.67303745
Stress,Ambient,Diverse,B,4,2_P18,5,2_4_53,-0.035042439,-0.16748691,-2.344816746
Stress,Ambient,Single,A,2,1_2_P01,10,1_2_2,-0.055504002,-0.165022303,-2.310312246
Stress,High,Single,D,31,1_31_P01,7,1_31_11,-0.039089658,-0.164214749,-2.299006493
Stress,High,Single,C,5,1_5_P03,5,1_5_37,-0.038228563,-0.163789003,-2.293046038
Stress,High,Single,D,1,1_1_P02,10,1_1_22,-0.052714414,-0.152539674,-2.135555433
Grow-Out,Ambient,Single,D,1,1_1_P03,4,1_1_15,-0.186578237,-0.14782955,-11.97419353
Stress,High,Single,C,4,1_4_P04,4,1_4_6,-0.068607002,-0.145312702,-2.034377824
Stress,Ambient,Diverse,B,3,2_P03,8,2_3_55,-0.057808329,-0.142939927,-2.001158977
Stress,High,Single,C,31,1_31_P04,3,1_31_14,-0.023257561,-0.142093041,-1.989302571
Stress,Ambient,Single,A,23,1_23_P03,10,1_23_40,-0.031182855,-0.140009182,-1.960128553
Grow-Out,Ambient,Single,C,5,1_5_P04,2,1_5_27,-0.110658404,-0.139879115,-11.33020835
Stress,High,Single,C,2,1_2_P03,5,1_2_15,-0.074728617,-0.138478231,-1.938695236
Stress,Ambient,Single,A,31,1_31_P03,9,1_31_28,-0.037514159,-0.134542121,-1.88358969
Stress,Ambient,Single,A,32,1_32_P01,1,1_32_62,-0.049746819,-0.134056133,-1.876785858
Stress,Ambient,Single,A,2,1_2_P01,9,1_2_10,-0.070289545,-0.130197142,-1.822759983
Stress,Ambient,Diverse,B,23,2_P03,9,2_23_56,-0.058285589,-0.126014495,-1.764202926
Stress,High,Diverse,C,32,2_P07,8,2_32_43,-0.056953706,-0.123595305,-1.730334269
Stress,Ambient,Single,A,32,1_32_P01,7,1_32_1,-0.030793418,-0.123532471,-1.729454599
Stress,High,Diverse,C,31,2_P10,3,2_31_49,-0.087220869,-0.122050612,-1.708708569
Stress,Ambient,Single,A,12,1_12_P04,10,1_12_25,-0.038340373,-0.119298927,-1.670184973
Stress,High,Single,C,2,1_2_P03,10,1_2_60,-0.0925963,-0.117952725,-1.651338155
Stress,Ambient,Single,B,23,1_23_P01,10,1_23_7,-0.015315835,-0.11764347,-1.647008578
Stress,High,Single,D,12,1_12_P02,10,1_12_14,-0.032513445,-0.115632593,-1.618856303
Stress,High,Single,C,12,1_12_P01,4,1_12_9,-0.034546149,-0.11395564,-1.595378953
Stress,High,Single,C,5,1_5_P03,6,1_5_19,-0.013216463,-0.11150623,-1.561087227
Stress,Ambient,Single,B,12,1_12_P03,10,1_12_26,-0.038698977,-0.110785712,-1.550999974
Grow-Out,Ambient,Single,D,31,1_31_P01,6,1_31_12,-0.102832241,-0.105910295,-8.578733865
Stress,High,Single,C,31,1_31_P04,2,1_31_35,-0.024167292,-0.100680476,-1.409526661
Stress,High,Diverse,D,23,2_P15,9,2_23_52,-0.049803807,-0.098829817,-1.383617437
Stress,Ambient,Diverse,B,24,2_P18,8,2_24_46,-0.054719981,-0.098663511,-1.381289148
Stress,High,Diverse,C,31,2_P07,1,2_31_53,-0.047699711,-0.098007242,-1.372101383
Stress,High,Single,D,2,1_2_P04,5,1_2_27,-0.144564471,-0.097486911,-1.364816755
Stress,Ambient,Diverse,A,3,2_P01,8,2_3_58,-0.048953579,-0.097149627,-1.360094773
Stress,Ambient,Single,A,32,1_32_P01,4,1_32_15,-0.028468529,-0.092520516,-1.295287221
Stress,High,Single,D,32,1_32_P03,6,1_32_28,-0.026042855,-0.086870789,-1.216191049
Stress,Ambient,Diverse,B,31,2_P18,7,2_31_51,-0.03710656,-0.084389771,-1.181456797
Stress,High,Single,C,3,1_3_P01,6,1_3_33,-0.027923835,-0.082776896,-1.158876546
Stress,High,Diverse,D,2,2_P20,3,2_2_58,-0.047612827,-0.075888634,-1.062440879
Stress,High,Single,D,3,1_3_P02,1,1_3_15,-0.043907876,-0.0758391,-1.061747399
Stress,High,Single,C,32,1_32_P04,8,1_32_11,-0.03557174,-0.075026572,-1.050372013
Stress,High,Single,D,32,1_32_P03,3,1_32_65,-0.021014152,-0.072344909,-1.012828725
Stress,High,Diverse,D,32,2_P15,10,2_32_53,-0.05644798,-0.070292625,-0.984096747
Stress,Ambient,Diverse,A,31,2_P11,2,2_31_46,-0.027030901,-0.067742345,-0.948392826
Grow-Out,Ambient,Single,C,12,1_12_P04,5,1_12_1,-0.071487363,-0.065821671,-5.331555332
Stress,Ambient,Single,B,23,1_23_P01,7,1_23_37,-0.027306709,-0.063393694,-0.88751172
Stress,Ambient,Single,A,2,1_2_P01,5,1_2_35A,-0.029806332,-0.06136192,-0.859066885
Stress,High,Diverse,C,31,2_P06,5,2_31_52,-0.028542704,-0.060584474,-0.848182632
Stress,Ambient,Single,B,12,1_12_P03,1,1_12_17,-0.016723764,-0.060390412,-0.845465768
Stress,High,Single,D,5,1_5_P04,8,1_5_9,-0.037733574,-0.059855925,-0.837982945
Stress,High,Single,C,32,1_32_P04,10,1_32_5,-0.022915319,-0.0585889,-0.820244604
Stress,Ambient,Single,A,2,1_2_P01,7,1_2_14,-0.032302319,-0.058398323,-0.817576523
Stress,High,Single,C,12,1_12_P01,10,1_12_15,-0.018118747,-0.057804235,-0.80925929
Stress,High,Single,D,32,1_32_P03,4,1_32_26,-0.054748089,-0.057765298,-0.808714169
Stress,Ambient,Single,B,4,1_4_P02,3,1_4_28,-0.03469984,-0.057294518,-0.802123246
Stress,High,Single,D,2,1_2_P04,6,1_2_7,-0.016563777,-0.056000166,-0.784002329
Stress,High,Diverse,D,4,2_P12,10,2_4_55,-0.023010974,-0.055098676,-0.771381463
Stress,High,Diverse,D,1,2_P15,5,2_1_53,-0.022447477,-0.054795656,-0.76713918
Stress,High,Diverse,D,32,2_P05,1,1_32_55,-0.013352227,-0.054574142,-0.764037985
Stress,High,Single,C,31,1_31_P04,7,1_31_4,-0.015120355,-0.054347614,-0.760866599
Stress,High,Single,D,1,1_1_P02,5,1_1_12,-0.009958315,-0.054343916,-0.760814827
Stress,High,Single,C,2,1_2_P03,1,1_2_30,-0.013243251,-0.053965407,-0.755515691
Stress,High,Single,C,4,1_4_P04,5,1_4_4,-0.016425527,-0.053598463,-0.75037848
Stress,High,Single,C,2,1_2_P03,3,1_2_28,-0.029999367,-0.053265751,-0.745720518
Stress,High,Single,C,31,1_31_P04,4,1_31_24,-0.012311664,-0.051863617,-0.726090645
Stress,High,Single,D,23,1_23_P04,7,1_23_18,-0.016865504,-0.050004979,-0.700069706
Stress,High,Single,C,31,1_31_P04,5,1_31_20,-0.01880276,-0.048488393,-0.678837499
Stress,High,Diverse,C,23,2_P16,5,2_23_54,-0.020088048,-0.048406161,-0.677686251
Stress,Ambient,Single,A,2,1_2_P01,4,1_2_23,-0.020320181,-0.045366625,-0.635132748
Grow-Out,Ambient,Diverse,C,3,2_P19,5,2_3_57,-0.05694288,-0.045118708,-3.654615388
Stress,High,Diverse,D,4,2_P05,10,2_4_46,-0.018445896,-0.044310119,-0.62034167
Stress,High,Diverse,C,23,2_P06,2,2_23_5,-0.024796762,-0.043727609,-0.612186531
Stress,High,Single,D,23,1_23_P04,9,1_23_10,-0.028957487,-0.043268765,-0.605762709
Stress,High,Single,D,1,1_1_P02,3,1_1_6,-0.018585653,-0.043099215,-0.603389007
Stress,High,Single,D,4,1_4_P01,5,1_4_33,-0.018575339,-0.042678968,-0.597505554
Grow-Out,Ambient,Single,B,24,1_24_P02,3,1_24_2,-0.153989668,-0.042377078,-3.432543331
Stress,High,Diverse,D,12,2_P20,5,2_12_4,-0.019340581,-0.040486746,-0.566814448
Stress,High,Single,D,4,1_4_P01,3,1_4_14,-0.01167049,-0.038974117,-0.54563764
Stress,High,Single,D,1,1_1_P02,7,1_1_27,-0.019655628,-0.038775951,-0.542863321
Stress,Ambient,Diverse,A,4,2_P14,7,2_4_48,-0.007188514,-0.038257179,-0.535600508
Stress,High,Single,C,24,1_24_P01,10,1_24_3,-0.026328067,-0.037656244,-0.527187411
Stress,High,Diverse,C,24,2_P06,3,2_24_55,-0.019824196,-0.03643051,-0.510027145
Stress,High,Diverse,C,2,2_P16,8,2_2_49,-0.008137912,-0.034186908,-0.478616714
Stress,High,Single,D,12,1_12_P02,5,1_12_62,-0.025085064,-0.033869817,-0.474177444
Stress,Ambient,Single,A,32,1_32_P01,6,1_32_20,-0.01890122,-0.032651754,-0.45712456
Stress,High,Single,C,3,1_3_P01,8,1_3_40,-0.015735249,-0.031636585,-0.442912183
Stress,High,Diverse,C,1,2_P06,1,2_1_43,-0.007199678,-0.0301601,-0.422241401
Stress,High,Diverse,D,24,2_P15,3,2_24_59,-0.014182175,-0.028864989,-0.404109847
Stress,High,Diverse,D,23,2_P20,9,2_23_48,-0.011157014,-0.027301976,-0.38222767
Stress,High,Single,C,5,1_5_P03,3,1_5_16,-0.00837071,-0.026907375,-0.376703251
Stress,High,Single,C,23,1_23_P02,7,1_23_33,-0.005091331,-0.026207787,-0.366909023
Stress,Ambient,Diverse,B,3,2_P18,3,2_3_54,-0.007453861,-0.024583154,-0.344164156
Stress,High,Single,C,12,1_12_P01,6,1_12_8,-0.009788449,-0.02385115,-0.333916096
Stress,High,Diverse,D,4,2_P19,1,2_4_54,-0.005985945,-0.023087975,-0.323231656
Stress,High,Single,C,32,1_32_P04,7,1_32_32,-0.013113031,-0.02215065,-0.310109101
Stress,High,Single,D,2,1_2_P04,10,1_2_12,-0.009672117,-0.021189781,-0.296656931
Stress,High,Diverse,D,23,2_P05,7,2_23_47,-0.010475261,-0.020530129,-0.287421811
Stress,High,Diverse,D,32,2_P19,8,1_32_47,-0.029579901,-0.020446413,-0.286249778
Stress,High,Diverse,D,12,2_P15,1,2_12_51,-0.010157478,-0.018645521,-0.261037287
Grow-Out,Ambient,Single,B,31,1_31_P02,6,1_31_13,-0.019395357,-0.018118209,-1.467574894
Stress,Ambient,Diverse,A,3,2_P02,7,2_3_60,-0.005808335,-0.018000275,-0.252003852
Stress,High,Single,C,31,1_31_P04,8,1_31_26,-0.007393585,-0.01735765,-0.243007096
Stress,High,Single,C,12,1_12_P01,8,1_12_21,-0.008754525,-0.01695558,-0.237378115
Stress,High,Single,C,2,1_2_P03,4,1_2_3,-0.004779657,-0.015443391,-0.216207468
Stress,High,Diverse,D,1,2_P12,3,2_1_51,-0.005183083,-0.015381986,-0.215347803
Stress,Ambient,Diverse,B,2,2_P18,4,2_2_47,-0.011934465,-0.01475824,-0.206615356
Stress,High,Single,D,5,1_5_P04,3,1_5_36,-0.003340765,-0.014756019,-0.20658426
Stress,High,Single,D,12,1_12_P02,4,1_12_2,-0.005050637,-0.014699515,-0.205793204
Stress,High,Single,C,12,1_12_P01,2,1_12_37,-0.003217559,-0.012313052,-0.172382735
Stress,Ambient,Single,A,23,1_23_P03,5,1_23_13,-0.002771349,-0.011437512,-0.160125167
Stress,High,Single,D,12,1_12_P02,8,1_12_32,-0.004967141,-0.009994899,-0.139928588
Stress,Ambient,Single,B,12,1_12_P03,4,1_12_31,-0.004508684,-0.009125222,-0.127753108
Stress,High,Single,D,12,1_12_P02,3,1_12_18,-0.003602816,-0.008837805,-0.123729265
Stress,High,Diverse,C,3,2_P16,6,2_3_53,-0.002914322,-0.007987217,-0.111821036
Stress,High,Diverse,D,3,2_P05,6,2_3_49,-0.00219786,-0.007653933,-0.107155062
Stress,Ambient,Single,A,23,1_23_P03,1,1_23_29,-0.003240491,-0.006163378,-0.086287292
Grow-Out,Ambient,Single,A,2,1_2_P03,5,1_2_15,-0.016659827,-0.006053569,-0.490339103
Stress,High,Single,D,1,1_1_P02,1,1_1_9,-0.004208292,-0.005809722,-0.081336101
Stress,High,Single,D,3,1_3_P02,8,1_3_14,-0.001361933,-0.005307297,-0.074302158
Stress,High,Single,C,24,1_24_P01,6,1_24_7,-0.00120678,-0.004714659,-0.06600522
Stress,High,Diverse,C,24,2_P07,5,2_24_57,-0.001781507,-0.004528337,-0.063396719
Stress,High,Single,C,24,1_24_P01,2,1_24_32,-0.002191086,-0.004417589,-0.061846243
Stress,High,Single,C,24,1_24_P01,7,1_24_26,-0.000966092,-0.004013873,-0.056194218
Stress,High,Single,C,31,1_31_P04,10,1_31_8,-0.00046057,-0.001940195,-0.027162734
Stress,High,Single,C,24,1_24_P01,8,1_24_30,-0.001388038,-0.001785216,-0.02499303
Stress,High,Single,C,24,1_24_P01,4,1_24_35,-0.001620279,-0.001243762,-0.01741267
Grow-Out,Ambient,Diverse,C,5,2_P19,6,2_5_52,-0.0012932,-0.000798181,-0.064652645
Stress,High,Single,D,3,1_3_P02,6,1_3_27,-0.000294522,-0.000576474,-0.008070632
Stress,High,Single,C,24,1_24_P01,5,1_24_19,-0.000252989,-0.000209986,-0.002939808
Stress,High,Single,C,24,1_24_P01,3,1_24_17,-0.000160291,-0.000133783,-0.001872955
Stress,High,Single,D,5,1_5_P04,10,1_5_11,0.000424888,0.001461082,0.020455145
Stress,High,Diverse,C,3,2_P10,4,2_3_43,0.000541534,0.001648874,0.02308424
Stress,High,Diverse,C,12,2_P06,10,2_12_47,0.000766566,0.001981872,0.027746211
Stress,Ambient,Single,A,32,1_32_P01,9,1_32_24,0.002452123,0.003447334,0.04826267
Grow-Out,Ambient,Single,A,3,1_3_P02,8,1_3_14,0.005075191,0.00370111,0.299789911
Grow-Out,Ambient,Diverse,A,3,2_P08,9,2_3_44,0.008440017,0.003781049,0.30626497
Stress,High,Single,D,4,1_4_P01,9,1_4_17,0.002095968,0.004375272,0.061253807
Stress,High,Single,D,32,1_32_P03,5,1_32_3,0.001064286,0.004446592,0.062252293
Stress,High,Diverse,C,1,2_P07,10,2_1_45,0.001437709,0.004572925,0.064020946
Stress,High,Single,D,4,1_4_P01,7,1_4_5,0.001173095,0.005069757,0.070976592
Stress,High,Single,D,3,1_3_P02,4,1_3_18,0.002754405,0.005986297,0.083808165
Stress,High,Single,C,2,1_2_P03,9,1_2_49,0.004020762,0.006234479,0.087282703
Stress,High,Single,D,12,1_12_P02,1,1_12_63,0.001419299,0.006296531,0.088151441
Grow-Out,Ambient,Single,A,12,1_12_P02,4,1_12_2,0.011769664,0.006442098,0.52180993
Stress,High,Diverse,C,12,2_P16,10,2_12_54,0.004939145,0.007567304,0.105942252
Stress,High,Single,C,3,1_3_P01,3,1_3_30,0.008006169,0.009224588,0.129144227
Stress,Ambient,Diverse,A,12,2_P02,5,2_12_56,0.003439283,0.009654752,0.13516653
Stress,Ambient,Single,A,12,1_12_P04,4,1_12_30,0.00220548,0.010646377,0.149049272
Grow-Out,Ambient,Diverse,C,3,2_P18,3,2_3_54,0.017651337,0.010927445,0.885123039
Stress,High,Diverse,C,32,2_P10,10,1_32_57,0.006561238,0.011106003,0.155484037
Stress,High,Single,C,3,1_3_P01,1,1_3_25,0.008894648,0.011255704,0.15757985
Stress,Ambient,Single,B,3,1_3_P03,7,1_3_3,0.00435987,0.011765096,0.164711343
Stress,High,Single,C,31,1_31_P04,1,1_31_6,0.004854133,0.012528423,0.175397923
Stress,High,Single,D,32,1_32_P03,9,1_32_38,0.003267604,0.013071895,0.183006528
Stress,High,Single,D,1,1_1_P02,2,1_1_32,0.004398687,0.013603942,0.190455181
Stress,Ambient,Diverse,B,31,2_P04,4,2_31_58,0.010874316,0.013745907,0.192442698
Stress,High,Single,D,12,1_12_P02,7,1_12_29,0.005853973,0.014395006,0.201530089
Stress,High,Diverse,D,12,2_P19,2,2_12_49,0.009677829,0.01459836,0.204377036
Stress,High,Diverse,C,5,2_P10,5,2_5_55,0.010245419,0.014976982,0.209677752
Stress,High,Single,C,12,1_12_P01,1,1_12_36,0.007962448,0.015776602,0.220872431
Stress,High,Single,C,32,1_32_P04,3,1_32_8,0.004324511,0.01578766,0.221027233
Stress,High,Diverse,D,32,2_P20,6,1_32_52,0.008299571,0.015793518,0.221109255
Grow-Out,Ambient,Single,A,24,1_24_P04,8,1_24_15,0.040171995,0.016527334,1.338714052
Stress,High,Single,D,3,1_3_P02,10,1_3_5,0.007682312,0.017129071,0.23980699
Stress,Ambient,Single,A,3,1_3_P04,10,1_3_17,0.01554727,0.017773409,0.248827731
Stress,High,Diverse,C,2,2_P17,3,2_2_51,0.02087665,0.017848797,0.249883165
Stress,High,Single,C,3,1_3_P01,4,1_3_10,0.015426343,0.01830624,0.256287359
Stress,Ambient,Single,B,12,1_12_P03,6,1_12_28,0.006332881,0.018391584,0.257482174
Stress,High,Single,C,23,1_23_P02,6,1_23_27,0.00544167,0.018943969,0.265215564
Stress,High,Single,D,3,1_3_P02,5,1_3_37,0.010733509,0.019097589,0.267366242
Stress,Ambient,Single,B,1,1_1_P03,3,1_1_24,0.010326387,0.019679225,0.275509149
Stress,High,Diverse,D,31,2_P12,7,2_31_24,0.005333593,0.01978598,0.277003721
Stress,Ambient,Single,B,31,1_31_P02,8,1_31_39,0.006824535,0.020111271,0.28155779
Stress,Ambient,Diverse,B,32,2_P08,7,2_32_44,0.011406196,0.020598147,0.288374063
Stress,High,Single,D,31,1_31_P01,9,1_31_61,0.009698576,0.020763838,0.290693738
Stress,High,Diverse,C,2,2_P06,4,2_2_48,0.014232617,0.020860182,0.292042552
Stress,High,Diverse,D,23,2_P12,5,2_23_44,0.008232628,0.021231756,0.297244588
Stress,High,Diverse,C,32,2_P16,4,1_32_53,0.011278485,0.021325075,0.298551047
Stress,High,Single,C,12,1_12_P01,7,1_12_19,0.006166994,0.022986671,0.32181339
Stress,Ambient,Diverse,B,32,2_P13,10,2_32_42,0.012193619,0.024076115,0.337065616
Stress,High,Single,D,5,1_5_P04,7,1_5_7,0.010338491,0.024599575,0.344394046
Stress,High,Diverse,C,1,2_P16,9,2_1_54,0.009068511,0.02517536,0.35245504
Grow-Out,Ambient,Diverse,C,32,2_P06,9,1_32_54,0.069109677,0.026051177,2.110145334
Stress,High,Single,D,4,1_4_P01,4,1_4_18,0.010473429,0.026356336,0.368988702
Stress,Ambient,Single,A,32,1_32_P01,10,1_32_61,0.016668283,0.026471997,0.370607957
Stress,High,Diverse,C,5,2_P07,3,2_5_48,0.015474064,0.027810148,0.389342068
Stress,High,Single,D,2,1_2_P04,3,1_2_25,0.034563153,0.027868534,0.390159471
Stress,High,Diverse,D,5,2_P19,6,2_5_52,0.007884402,0.027876184,0.390266579
Stress,High,Single,D,4,1_4_P01,2,1_4_40,0.010793949,0.028671973,0.401407626
Stress,High,Single,D,23,1_23_P04,1,1_23_61,0.006246525,0.028860376,0.404045264
Stress,High,Single,D,31,1_31_P01,1,1_31_18,0.015788982,0.029358668,0.411021345
Grow-Out,Ambient,Diverse,D,24,2_P13,4,2_24_54,0.126571646,0.029863595,2.418951162
Stress,High,Single,C,24,1_24_P01,1,1_24_25,0.017760594,0.029970616,0.419588624
Stress,Ambient,Single,A,3,1_3_P04,6,1_3_31,0.015959545,0.030065557,0.420917805
Stress,Ambient,Diverse,A,12,2_P01,10,2_12_50,0.010632273,0.030387128,0.425419792
Stress,Ambient,Single,B,12,1_12_P03,2,1_12_7,0.007305521,0.030728029,0.430192406
Stress,High,Single,C,32,1_32_P04,4,1_32_19,0.016129405,0.03122126,0.437097646
Grow-Out,Ambient,Diverse,D,4,2_P14,7,2_4_48,0.029206411,0.031493794,2.550997291
Stress,Ambient,Single,B,24,1_24_P04,2,1_24_22,0.049810741,0.031549891,0.441698474
Stress,High,Diverse,D,3,2_P20,7,2_3_61,0.01581754,0.031596955,0.442357375
Stress,Ambient,Single,A,31,1_31_P03,6,1_31_1,0.009989627,0.031712383,0.443973362
Stress,High,Single,D,24,1_24_P02,6,1_24_36,0.016553324,0.032358895,0.453024524
Stress,Ambient,Diverse,B,4,2_P13,3,2_4_44,0.007468454,0.03245022,0.45430308
Grow-Out,Ambient,Single,A,12,1_12_P01,1,1_12_36,0.089130494,0.032960903,2.669833169
Stress,Ambient,Single,A,2,1_2_P01,2,1_2_31,0.030562427,0.033206712,0.464893965
Stress,High,Single,D,5,1_5_P04,1,1_5_18,0.004910583,0.033241239,0.46537734
Stress,Ambient,Single,B,23,1_23_P01,8,1_23_15,0.011309192,0.033286045,0.466004632
Stress,High,Single,D,3,1_3_P02,7,1_3_36,0.023125587,0.033848363,0.473877087
Stress,High,Diverse,C,4,2_P10,8,2_4_56,0.01548317,0.033933721,0.4750721
Stress,Ambient,Single,B,2,1_2_P02,4,1_2_17,0.009528821,0.033994057,0.475916791
Stress,High,Single,C,3,1_3_P01,7,1_3_38,0.01036858,0.034203678,0.478851492
Grow-Out,Ambient,Single,A,32,1_32_P03,5,1_32_3,0.045085114,0.034518737,2.796017707
Grow-Out,Ambient,Single,A,32,1_32_P03,1,1_32_13,0.036992954,0.034742167,2.814115496
Stress,High,Single,D,12,1_12_P02,6,1_12_20,0.011694409,0.035297583,0.494166163
Grow-Out,Ambient,Diverse,C,31,2_P19,4,2_31_42,0.055299341,0.035691637,2.89102258
Stress,High,Single,C,24,1_24_P01,9,1_24_20,0.025637688,0.036289721,0.508056092
Stress,Ambient,Single,B,2,1_2_P02,8,1_2_19,0.007734636,0.036445905,0.51024267
Stress,High,Diverse,D,32,2_P12,8,2_32_45,0.009994365,0.036580166,0.512122322
Grow-Out,Ambient,Single,C,5,1_5_P04,1,1_5_18,0.028802144,0.038163831,3.0912703
Stress,Ambient,Single,B,32,1_32_P02,3,1_32_17,0.015287264,0.039282462,0.549954474
Stress,High,Single,C,2,1_2_P03,2,1_2_9,0.052781348,0.039294405,0.550121666
Stress,High,Single,C,3,1_3_P01,10,1_3_21,0.035836402,0.039391104,0.551475461
Stress,Ambient,Diverse,B,2,2_P03,3,2_2_46,0.031334901,0.039452463,0.552334476
Stress,Ambient,Single,A,24,1_24_P03,10,1_24_4,0.009390465,0.039502328,0.553032595
Stress,Ambient,Diverse,B,4,2_P03,2,2_4_42,0.013776588,0.040321504,0.564501057
Grow-Out,Ambient,Single,A,3,1_3_P01,1,1_3_25,0.170170942,0.040383449,3.271059352
Stress,High,Diverse,D,5,2_P12,2,2_5_42,0.018841121,0.040625028,0.56875039
Grow-Out,Ambient,Single,B,3,1_3_P04,10,1_3_17,0.198184433,0.040727642,3.298938967
Grow-Out,Ambient,Single,A,2,1_2_P03,4,1_2_3,0.070907218,0.040910764,3.313771869
Stress,Ambient,Diverse,B,1,2_P04,7,2_1_47,0.011385314,0.041104764,0.575466695
Stress,Ambient,Diverse,A,23,2_P14,10,2_23_58,0.030530442,0.04144442,0.580221877
Stress,Ambient,Single,B,2,1_2_P02,9,1_2_1,0.035603937,0.041503369,0.581047161
Stress,High,Single,D,2,1_2_P04,9,1_2_21,0.0206208,0.042633416,0.596867822
Grow-Out,Ambient,Single,C,5,1_5_P01,8,1_5_17,0.044331237,0.043093646,3.490585308
Stress,High,Single,D,2,1_2_P04,1,1_2_16,0.015563341,0.043170551,0.604387709
Stress,High,Diverse,D,12,2_P12,9,2_12_5,0.029685056,0.043322994,0.606521909
Stress,High,Single,D,24,1_24_P02,5,1_24_18,0.035893647,0.043810687,0.613349616
Stress,High,Single,C,2,1_2_P03,7,1_2_26,0.042247578,0.04465547,0.625176576
Stress,High,Single,D,2,1_2_P04,8,1_2_29,0.0506717,0.045053982,0.630755745
Stress,High,Diverse,C,32,2_P06,9,1_32_54,0.023178047,0.045658114,0.6392136
Stress,Ambient,Single,B,2,1_2_P02,5,1_2_18,0.016155115,0.046064861,0.644908056
Stress,Ambient,Single,B,24,1_24_P04,4,1_24_5,0.022439508,0.046598925,0.65238495
Stress,High,Single,D,24,1_24_P02,7,1_24_39,0.010928783,0.047029943,0.658419196
Grow-Out,Ambient,Single,A,2,1_2_P03,8,1_2_4,0.137718665,0.047030656,3.809483156
Stress,High,Single,C,12,1_12_P01,3,1_12_10,0.031951683,0.047194771,0.66072679
Stress,High,Diverse,D,3,2_P15,4,2_3_56,0.018214065,0.048169644,0.674375022
Stress,High,Single,D,4,1_4_P01,6,1_4_23,0.010752766,0.048198582,0.674780146
Stress,High,Single,D,3,1_3_P02,2,1_3_4,0.041926799,0.048538361,0.679537056
Grow-Out,Ambient,Diverse,C,23,2_P17,5,2_23_49,0.07184696,0.048571616,3.934300932
Stress,Ambient,Single,A,3,1_3_P04,9,1_3_22,0.018511847,0.048786622,0.683012714
Stress,High,Single,D,32,1_32_P03,8,1_32_64,0.046971195,0.049663789,0.695293043
Stress,Ambient,Single,B,31,1_31_P02,5,1_31_38,0.016306455,0.050264518,0.703703257
Stress,High,Single,C,23,1_23_P02,1,1_23_24,0.007415058,0.050404487,0.705662812
Stress,Ambient,Diverse,B,12,2_P08,10,2_12_58,0.026652735,0.050536421,0.707509891
Grow-Out,Ambient,Diverse,D,1,2_P01,3,2_1_60,0.15843924,0.050978585,4.129265366
Stress,Ambient,Single,B,32,1_32_P02,7,1_32_40,0.030039158,0.051168832,0.716363651
Grow-Out,Ambient,Single,A,32,1_32_P02,10,1_32_7,0.082439992,0.051185466,4.146022777
Stress,High,Diverse,C,3,2_P17,8,2_3_48,0.040582844,0.051302465,0.718234503
Grow-Out,Ambient,Single,B,24,1_24_P01,3,1_24_17,0.329451953,0.051472156,4.16924466
Stress,Ambient,Single,A,23,1_23_P03,7,1_23_2,0.020669327,0.051549277,0.721689878
Grow-Out,Ambient,Single,A,3,1_3_P01,5,1_3_34,0.212119259,0.051943411,4.207416322
Grow-Out,Ambient,Single,B,3,1_3_P04,2,1_3_11,0.169658073,0.052370132,4.241980696
Grow-Out,Ambient,Single,D,32,1_32_P04,9,1_32_23,0.074286976,0.052562112,4.257531074
Stress,Ambient,Single,A,32,1_32_P01,5,1_32_33,0.016632358,0.05280205,0.739228704
Stress,High,Single,C,4,1_4_P04,10,1_4_11,0.035103699,0.053343801,0.746813218
Grow-Out,Ambient,Diverse,C,3,2_P17,8,2_3_48,0.235649203,0.053941876,4.369291992
Stress,Ambient,Diverse,A,32,2_P02,9,1_32_56,0.028806344,0.054094082,0.757317146
Stress,High,Diverse,C,24,2_P17,1,2_24_48,0.080632575,0.05538313,0.775363817
Grow-Out,Ambient,Single,A,2,1_2_P03,6,1_2_38,0.086731596,0.055567694,4.500983179
Stress,Ambient,Single,B,12,1_12_P03,9,1_12_35,0.024419367,0.055628774,0.77880284
Stress,High,Single,C,4,1_4_P04,6,1_4_15,0.011210727,0.055995696,0.783939751
Stress,Ambient,Single,A,31,1_31_P03,4,1_31_10,0.024334794,0.056047382,0.784663342
Stress,High,Single,C,2,1_2_P03,8,1_2_4,0.031573401,0.056493125,0.790903756
Stress,Ambient,Single,B,3,1_3_P03,8,1_3_32,0.018873443,0.05666825,0.793355506
Grow-Out,Ambient,Single,A,3,1_3_P02,4,1_3_18,0.141676466,0.057975037,4.695977957
Stress,Ambient,Single,B,4,1_4_P02,7,1_4_27,0.022937127,0.058347473,0.816864627
Stress,High,Single,C,1,1_1_P04,2,1_1_30,0.029816863,0.05845553,0.818377419
Stress,Ambient,Single,B,32,1_32_P02,9,1_32_31A,0.026592899,0.058501795,0.819025133
Grow-Out,Ambient,Diverse,C,31,2_P17,9,2_31_55,0.062989411,0.058914619,4.772084125
Stress,Ambient,Single,A,3,1_3_P04,3,1_3_20,0.023235615,0.058916231,0.824827241
Grow-Out,Ambient,Single,A,12,1_12_P01,6,1_12_8,0.129605568,0.059206965,4.795764198
Grow-Out,Ambient,Single,B,31,1_31_P02,1,1_31_29,0.261955547,0.059214437,4.796369434
Stress,Ambient,Diverse,B,32,2_P18,10,1_32_59,0.018529906,0.059420283,0.831883959
Stress,High,Single,C,3,1_3_P01,9,1_3_39,0.027366176,0.060204855,0.842867974
Stress,High,Diverse,D,4,2_P15,8,2_4_45,0.026762573,0.060341369,0.844779171
Stress,Ambient,Single,B,23,1_23_P01,1,1_23_39,0.031216208,0.060523685,0.847331588
Stress,High,Diverse,D,5,2_P05,5,2_5_59,0.028144821,0.060905983,0.852683759
Stress,Ambient,Single,A,1,1_1_P01,1,2_1_55,0.034754189,0.061437678,0.860127493
Stress,Ambient,Single,A,12,1_12_P04,9,1_12_65,0.039393736,0.061509202,0.861128826
Stress,High,Single,C,32,1_32_P04,9,1_32_23,0.016301918,0.061529155,0.861408174
Stress,High,Diverse,C,3,2_P06,6,2_3_50,0.024348019,0.062095322,0.869334514
Stress,High,Diverse,D,1,2_P05,8,2_1_46,0.03207474,0.06257726,0.876081644
Grow-Out,Ambient,Single,A,32,1_32_P02,7,1_32_40,0.195236684,0.062813724,5.087911673
Stress,High,Single,C,32,1_32_P04,1,1_32_25,0.018355153,0.062964856,0.881507989
Grow-Out,Ambient,Diverse,C,12,2_P06,10,2_12_47,0.133159228,0.063028574,5.105314468
Stress,Ambient,Diverse,B,3,2_P04,6,2_3_41,0.059115674,0.063344084,0.886817172
Stress,High,Diverse,D,24,2_P19,10,2_24_60,0.032992819,0.063627162,0.890780267
Stress,Ambient,Diverse,A,3,2_P11,4,2_3_42,0.036373078,0.064146879,0.898056301
Stress,High,Diverse,D,4,2_P20,2,2_4_60,0.041858078,0.064562628,0.903876798
Stress,Ambient,Single,A,2,1_2_P01,6,1_2_13,0.068030947,0.065378031,0.915292439
Grow-Out,Ambient,Single,B,24,1_24_P02,4,1_24_37,0.369944552,0.065645488,5.317284498
Stress,High,Single,C,4,1_4_P04,1,1_4_2,0.013491261,0.065750462,0.920506473
Stress,High,Single,C,23,1_23_P02,10,1_23_28,0.019532368,0.065866077,0.922125077
Stress,High,Diverse,C,24,2_P10,7,2_24_45,0.031758435,0.065910333,0.922744656
Grow-Out,Ambient,Single,D,31,1_31_P03,8,1_31_33,0.099818604,0.06605457,5.35042013
Stress,Ambient,Diverse,A,3,2_P14,4,2_3_59,0.028282948,0.06619671,0.926753939
Stress,Ambient,Diverse,B,3,2_P13,7,2_3_45,0.035621731,0.066332844,0.928659815
Stress,High,Single,C,4,1_4_P04,3,1_4_39,0.030889768,0.066359235,0.929029289
Stress,Ambient,Single,B,12,1_12_P03,3,1_12_40,0.027052709,0.066398653,0.929581141
Grow-Out,Ambient,Single,A,3,1_3_P02,1,1_3_15,0.205571693,0.066422294,5.380205811
Stress,High,Diverse,C,1,2_P17,6,2_1_50,0.036912826,0.066517875,0.931250243
Stress,High,Single,D,32,1_32_P03,2,1_32_10A,0.038495767,0.066837109,0.935719525
Stress,Ambient,Single,A,24,1_24_P03,1,1_24_6,0.080149891,0.067207111,0.940899558
Stress,Ambient,Single,B,24,1_24_P04,6,1_24_34,0.029843572,0.067464785,0.944506985
Stress,Ambient,Diverse,B,12,2_P03,6,2_12_48,0.063317061,0.067548674,0.945681437
Stress,High,Single,D,23,1_23_P04,10,1_23_30,0.032906055,0.067614921,0.946608896
Stress,Ambient,Single,B,23,1_23_P01,5,1_23_17,0.02534172,0.068743207,0.962404901
Stress,High,Single,C,12,1_12_P01,9,1_12_16,0.034149369,0.068933093,0.965063306
Stress,High,Single,D,31,1_31_P01,2,1_31_36,0.038994513,0.069054099,0.966757383
Stress,High,Diverse,D,31,2_P20,8,2_31_45,0.013503998,0.06918193,0.968547026
Stress,High,Single,D,24,1_24_P02,10,1_24_9,0.106272506,0.069217092,0.969039288
Grow-Out,Ambient,Diverse,C,24,2_P06,3,2_24_55,0.204846888,0.070592427,5.717986575
Grow-Out,Ambient,Diverse,C,3,2_P09,5,2_3_47,0.181095501,0.071231854,5.769780203
Stress,Ambient,Single,A,31,1_31_P03,2,1_31_9,0.041206968,0.071263124,0.997683737
Grow-Out,Ambient,Single,A,3,1_3_P02,3,1_3_8,0.229542461,0.071641536,5.802964434
Grow-Out,Ambient,Single,A,24,1_24_P04,7,1_24_12,0.248501807,0.072600357,5.880628955
Stress,High,Single,D,4,1_4_P01,1,1_4_7,0.029242834,0.073037361,1.022523053
Stress,Ambient,Diverse,A,1,2_P14,3,2_1_56,0.040091158,0.073413,1.027782004
Stress,High,Diverse,C,4,2_P16,2,2_4_59,0.043493893,0.073432615,1.028056603
Grow-Out,Ambient,Diverse,D,31,2_P03,4,2_31_43,0.105462551,0.073520837,5.955187831
Stress,Ambient,Diverse,A,12,2_P11,3,2_12_59,0.034280061,0.07359821,1.030374946
Grow-Out,Ambient,Single,A,3,1_3_P02,5,1_3_37,0.22430392,0.073892473,5.985290319
Stress,Ambient,Diverse,A,5,2_P01,9,2_5_54,0.020416276,0.073920992,1.034893883
Grow-Out,Ambient,Diverse,D,12,2_P13,8,2_12_60,0.205762573,0.074300203,6.018316475
Stress,Ambient,Single,B,4,1_4_P02,6,1_4_35,0.041694973,0.074744867,1.046428132
Grow-Out,Ambient,Single,D,1,1_1_P03,1,1_1_10,0.112892822,0.074803989,6.059123089
Stress,High,Single,D,4,1_4_P01,8,1_4_38,0.015707245,0.074982076,1.049749059
Grow-Out,Ambient,Single,B,3,1_3_P03,3,1_3_6,0.507919642,0.075753294,6.136016834
Stress,High,Diverse,D,12,2_P05,9,2_12_53,0.037182855,0.075783116,1.060963622
Grow-Out,Ambient,Single,C,12,1_12_P04,1,1_12_66,0.2310494,0.076150307,6.16817486
Stress,High,Diverse,C,12,2_P17,10,2_12_52,0.029852255,0.076698531,1.073779429
Grow-Out,Ambient,Single,D,32,1_32_P04,7,1_32_32,0.242259776,0.076900923,6.228974746
Grow-Out,Ambient,Diverse,C,24,2_P18,8,2_24_46,0.230865953,0.077334108,6.264062772
Grow-Out,Ambient,Single,A,12,1_12_P02,6,1_12_20,0.134494898,0.077344824,6.264930778
Stress,High,Single,D,1,1_1_P02,4,1_1_14,0.031480332,0.077348078,1.082873091
Grow-Out,Ambient,Single,A,3,1_3_P02,9,1_3_9,0.357847986,0.077402248,6.269582049
Grow-Out,Ambient,Single,B,24,1_24_P03,10,1_24_4,0.102006563,0.077640929,6.288915222
Stress,Ambient,Diverse,B,5,2_P08,6,2_5_43,0.030111616,0.077958608,1.091420512
Stress,Ambient,Single,B,12,1_12_P03,5,1_12_33,0.04672281,0.078609664,1.100535292
Stress,High,Single,D,24,1_24_P02,4,1_24_37,0.082389463,0.078889121,1.104447688
Stress,Ambient,Diverse,A,23,2_P01,1,2_23_59,0.034029667,0.079156873,1.108196215
Stress,Ambient,Diverse,A,2,2_P01,7,2_2_61,0.05904078,0.079646653,1.115053141
Grow-Out,Ambient,Diverse,C,2,2_P19,3,2_2_55,0.384784588,0.080365486,6.50960433
Stress,Ambient,Single,B,2,1_2_P02,2,1_2_37,0.045146322,0.080387495,1.125424927
Grow-Out,Ambient,Single,D,31,1_31_P01,7,1_31_11,0.097170237,0.08053801,6.52357881
Stress,Ambient,Diverse,A,2,2_P02,10,2_2_43,0.052230154,0.080929138,1.13300793
Grow-Out,Ambient,Single,C,12,1_12_P03,8,1_12_22,0.111585453,0.081568987,6.60708793
Grow-Out,Ambient,Single,A,31,1_31_P04,2,1_31_35,0.106892262,0.081601798,6.609745659
Grow-Out,Ambient,Diverse,D,1,2_P16,9,2_1_54,0.156557428,0.081911474,6.63482942
Stress,Ambient,Single,B,24,1_24_P04,7,1_24_12,0.052050599,0.081929038,1.147006537
Grow-Out,Ambient,Diverse,B,23,2_P04,10,2_23_45,0.321337066,0.082159191,6.654894473
Stress,Ambient,Single,A,32,1_32_P01,8,1_32_22,0.04985808,0.082623739,1.156732343
Stress,High,Single,C,12,1_12_P01,5,1_12_6,0.035048814,0.0829851,1.161791395
Stress,High,Single,D,1,1_1_P02,9,1_1_16,0.061771756,0.082996919,1.161956865
Grow-Out,Ambient,Single,B,3,1_3_P03,5,1_3_24,0.38898507,0.083185707,6.738042305
Grow-Out,Ambient,Single,B,31,1_31_P02,3,1_31_3,0.094608611,0.083447833,6.759274502
Stress,High,Single,C,23,1_23_P02,4,1_23_9,0.01631024,0.083820235,1.173483289
Stress,Ambient,Diverse,A,24,2_P01,2,2_24_58,0.045454337,0.083949592,1.175294288
Stress,High,Single,D,5,1_5_P04,6,1_5_23,0.016097801,0.084187622,1.178626702
Grow-Out,Ambient,Single,B,3,1_3_P04,5,1_3_13,0.145549587,0.084230284,6.822653029
Stress,High,Single,D,23,1_23_P04,2,1_23_23,0.036195394,0.084784507,1.186983103
Grow-Out,Ambient,Single,A,12,1_12_P01,2,1_12_37,0.116871434,0.085112955,6.894149331
Stress,Ambient,Diverse,B,5,2_P13,5,2_5_51,0.023639077,0.085142106,1.191989478
Stress,Ambient,Diverse,A,24,2_P11,6,2_24_43,0.034494483,0.085308564,1.194319901
Grow-Out,Ambient,Diverse,D,12,2_P16,10,2_12_54,0.297324883,0.085679055,6.94000346
Grow-Out,Ambient,Single,C,12,1_12_P03,2,1_12_7,0.108614856,0.085762871,6.946792579
Stress,High,Diverse,C,12,2_P07,9,2_12_45,0.03587986,0.086046662,1.204653268
Stress,Ambient,Diverse,B,23,2_P04,10,2_23_45,0.063503008,0.086206991,1.206897877
Stress,Ambient,Diverse,B,32,2_P04,3,1_32_60,0.035906629,0.086350756,1.20891059
Stress,Ambient,Single,B,5,1_5_P01,9,1_5_1,0.016977595,0.086351057,1.208914802
Grow-Out,Ambient,Diverse,C,12,2_P17,10,2_12_52,0.180379599,0.086368179,6.995822499
Stress,High,Diverse,D,31,2_P05,2,2_31_50,0.037972633,0.08645927,1.210429782
Grow-Out,Ambient,Diverse,B,3,2_P04,6,2_3_41,0.432680997,0.086516622,7.00784641
Stress,Ambient,Diverse,B,2,2_P13,2,2_2_42,0.06029104,0.086986224,1.217807135
Grow-Out,Ambient,Single,A,3,1_3_P01,9,1_3_39,0.215370082,0.087096947,7.054852673
Stress,High,Single,C,3,1_3_P01,5,1_3_34,0.066139295,0.087404961,1.223669455
Grow-Out,Ambient,Diverse,B,31,2_P04,4,2_31_58,0.372319547,0.087640185,7.098855013
Grow-Out,Ambient,Single,C,5,1_5_P03,9,1_5_20,0.081660891,0.088827863,7.19505687
Stress,Ambient,Single,B,23,1_23_P01,3,1_23_25,0.021630687,0.089096914,1.247356802
Stress,High,Diverse,C,4,2_P06,7,2_4_49,0.044781536,0.089271106,1.249795488
Grow-Out,Ambient,Single,A,3,1_3_P01,3,1_3_30,0.417776826,0.089391361,7.240700237
Stress,High,Diverse,D,1,2_P20,10,2_1_61,0.04025253,0.089552699,1.25373778
Stress,High,Single,D,2,1_2_P04,7,1_2_35B,0.074206324,0.089736243,1.256307405
Stress,Ambient,Single,B,31,1_31_P02,10,1_31_62,0.05212076,0.08974649,1.256450856
Stress,Ambient,Single,B,24,1_24_P04,1,1_24_28,0.063402376,0.089799277,1.257189876
Grow-Out,Ambient,Single,A,3,1_3_P01,10,1_3_21,0.440008535,0.090087466,7.29708478
Grow-Out,Ambient,Single,B,3,1_3_P04,9,1_3_22,0.184382117,0.09011782,7.299543449
Stress,High,Single,D,24,1_24_P02,8,1_24_40,0.045065617,0.090261313,1.263658389
Grow-Out,Ambient,Single,A,4,1_4_P03,8,1_4_21,0.098459958,0.090631708,7.34116838
Stress,Ambient,Diverse,A,32,2_P01,6,1_32_46,0.041092695,0.091219762,1.277076672
Stress,High,Diverse,D,5,2_P20,4,2_5_41,0.038351076,0.091325317,1.278554444
Grow-Out,Ambient,Diverse,B,3,2_P10,4,2_3_43,0.162526592,0.091899793,7.443883213
Stress,Ambient,Single,B,24,1_24_P04,3,1_24_11,0.067943706,0.092074468,1.289042555
Stress,High,Diverse,C,23,2_P17,5,2_23_49,0.026580201,0.092103471,1.289448592
Grow-Out,Ambient,Single,C,1,1_1_P01,5,1_1_2,0.254545513,0.092110403,7.460942619
Grow-Out,Ambient,Single,A,12,1_12_P02,5,1_12_62,0.368032423,0.092131101,7.462619201
Grow-Out,Ambient,Single,B,1,1_1_P02,6,1_1_4,0.216439441,0.092239095,7.471366712
Grow-Out,Ambient,Single,D,31,1_31_P01,8,1_31_19,0.088948762,0.092338071,7.479383743
Stress,High,Single,D,24,1_24_P02,2,1_24_10,0.051369559,0.092383666,1.293371322
Grow-Out,Ambient,Diverse,A,12,2_P20,5,2_12_4,0.240027651,0.09251812,7.493967684
Stress,High,Single,D,2,1_2_P04,4,1_2_36,0.060460178,0.092684596,1.297584344
Grow-Out,Ambient,Single,A,12,1_12_P01,3,1_12_10,0.338881551,0.092886992,7.523846326
Grow-Out,Ambient,Diverse,C,12,2_P18,9,2_12_44,0.14311349,0.092895168,7.524508618
Stress,Ambient,Single,B,3,1_3_P03,2,1_3_19,0.035110093,0.092994582,1.301924141
Stress,Ambient,Single,B,3,1_3_P03,4,1_3_1,0.041842591,0.093207066,1.30489893
Grow-Out,Ambient,Diverse,D,3,2_P12,4,2_3_52,0.231856333,0.093406733,7.565945379
Grow-Out,Ambient,Single,A,12,1_12_P02,8,1_12_32,0.244436121,0.093440165,7.568653334
Grow-Out,Ambient,Single,A,12,1_12_P02,7,1_12_29,0.200045521,0.093856049,7.602340006
Stress,High,Single,D,31,1_31_P01,6,1_31_12,0.016358975,0.094219589,1.319074241
Grow-Out,Ambient,Diverse,D,1,2_P13,6,2_1_58,0.31714998,0.094248277,7.634110404
Grow-Out,Ambient,Single,A,32,1_32_P03,6,1_32_28,0.157566471,0.094571667,7.660305011
Stress,Ambient,Diverse,A,32,2_P14,1,2_32_41,0.04013998,0.094683986,1.325575798
Grow-Out,Ambient,Single,B,31,1_31_P02,8,1_31_39,0.173007041,0.094694471,7.670252168
Stress,High,Diverse,D,2,2_P12,1,2_2_41,0.101671391,0.094698279,1.325775906
Stress,Ambient,Diverse,B,24,2_P03,1,2_24_44,0.154894883,0.09497135,1.329598907
Grow-Out,Ambient,Diverse,D,24,2_P14,6,2_24_41,0.46303058,0.095064715,7.700241955
Stress,Ambient,Diverse,A,32,2_P11,10,1_32_51,0.055329487,0.095128216,1.331795019
Grow-Out,Ambient,Single,A,31,1_31_P04,6,1_31_22,0.116276558,0.095316066,7.720601333
Grow-Out,Ambient,Single,A,24,1_24_P04,2,1_24_22,0.808181601,0.095396862,7.727145797
Grow-Out,Ambient,Single,B,3,1_3_P04,6,1_3_31,0.272208868,0.095488038,7.734531065
Grow-Out,Ambient,Single,C,1,1_1_P04,2,1_1_30,0.250448965,0.095805768,7.760267205
Grow-Out,Ambient,Single,C,12,1_12_P03,5,1_12_33,0.299846729,0.096010734,7.776869473
Stress,High,Diverse,D,24,2_P12,6,2_24_52,0.046910205,0.096060522,1.344847302
Grow-Out,Ambient,Single,B,1,1_1_P02,7,1_1_27,0.257956947,0.096466655,7.813799092
Grow-Out,Ambient,Single,C,12,1_12_P03,9,1_12_35,0.225999171,0.0965271,7.818695124
Stress,High,Single,C,1,1_1_P04,5,1_1_38,0.024417451,0.096747914,1.354470799
Stress,Ambient,Diverse,B,1,2_P13,6,2_1_58,0.06087077,0.097130817,1.359831442
Grow-Out,Ambient,Single,C,2,1_2_P04,5,1_2_27,0.776116323,0.098013512,7.939094468
Grow-Out,Ambient,Single,A,12,1_12_P01,9,1_12_16,0.256727269,0.098061731,7.943000186
Grow-Out,Ambient,Single,D,32,1_32_P04,6,1_32_10B,0.113362341,0.098492432,7.977887006
Grow-Out,Ambient,Diverse,A,12,2_P08,10,2_12_58,0.275543829,0.098700057,7.994704587
Grow-Out,Ambient,Diverse,C,2,2_P17,3,2_2_51,0.626247053,0.09955597,8.064033595
Grow-Out,Ambient,Single,D,32,1_32_P04,8,1_32_11,0.251594393,0.099755901,8.080227943
Stress,Ambient,Single,B,24,1_24_P04,9,1_24_24,0.026439866,0.099767001,1.396738015
Stress,Ambient,Single,A,1,1_1_P01,4,1_1_8,0.046747277,0.099869857,1.398178004
Grow-Out,Ambient,Single,A,3,1_3_P01,4,1_3_10,0.452715739,0.100277199,8.122453114
Grow-Out,Ambient,Single,A,31,1_31_P04,1,1_31_6,0.209678968,0.100548997,8.144468759
Grow-Out,Ambient,Single,A,12,1_12_P02,2,1_12_34,0.246043106,0.100689282,8.155831843
Grow-Out,Ambient,Single,A,3,1_3_P02,2,1_3_4,0.454996342,0.100926319,8.17503187
Grow-Out,Ambient,Single,A,12,1_12_P01,5,1_12_6,0.22688383,0.100997897,8.180829627
Grow-Out,Ambient,Single,A,24,1_24_P04,6,1_24_34,0.239046647,0.101629822,8.232015581
Grow-Out,Ambient,Diverse,B,12,2_P05,9,2_12_53,0.261924394,0.101650826,8.233716898
Grow-Out,Ambient,Single,B,3,1_3_P03,10,1_3_16,0.309688583,0.101737822,8.240763564
Stress,High,Diverse,C,32,2_P17,7,1_32_49,0.078724815,0.101871518,1.426201246
Grow-Out,Ambient,Single,D,1,1_1_P03,5,1_1_26,0.209947521,0.1028341,8.329562115
Grow-Out,Ambient,Single,A,32,1_32_P03,8,1_32_64,0.528081136,0.103237474,8.362235404
Grow-Out,Ambient,Diverse,B,32,2_P15,10,2_32_53,0.446524816,0.103479866,8.381869171
Grow-Out,Ambient,Single,A,3,1_3_P02,7,1_3_36,0.378178004,0.103765551,8.405009645
Grow-Out,Ambient,Diverse,D,32,2_P16,4,1_32_53,0.292765737,0.10572081,8.563385638
Grow-Out,Ambient,Single,A,2,1_2_P02,3,1_2_61,0.208628582,0.105920354,8.579548636
Grow-Out,Ambient,Single,A,32,1_32_P03,2,1_32_10A,0.323368364,0.105929362,8.580278286
Stress,High,Single,D,2,1_2_P04,2,1_2_6,0.057551118,0.10596882,1.483563481
Grow-Out,Ambient,Single,A,12,1_12_P01,4,1_12_9,0.16510987,0.106044271,8.589585933
Grow-Out,Ambient,Single,C,12,1_12_P04,9,1_12_65,0.362937141,0.106386462,8.617303458
Grow-Out,Ambient,Single,A,3,1_3_P02,10,1_3_5,0.252729454,0.106423324,8.620289206
Stress,High,Single,D,5,1_5_P04,4,1_5_39,0.024928574,0.106515419,1.491215872
Grow-Out,Ambient,Single,A,24,1_24_P04,10,1_24_14,0.211368578,0.107241692,8.686577035
Grow-Out,Ambient,Diverse,C,24,2_P19,10,2_24_60,0.296741263,0.107527456,8.709723949
Stress,Ambient,Diverse,B,12,2_P13,8,2_12_60,0.054788978,0.1076146,1.506604401
Stress,Ambient,Single,A,32,1_32_P01,2,1_32_35,0.06882933,0.107890531,1.510467439
Stress,Ambient,Single,A,4,1_4_P03,7,1_4_32,0.034821052,0.107911045,1.510754625
Stress,Ambient,Single,A,12,1_12_P04,2,1_12_38,0.051671761,0.108083705,1.513171866
Grow-Out,Ambient,Single,C,12,1_12_P04,2,1_12_38,0.26954562,0.108161529,8.761083846
Stress,High,Single,D,31,1_31_P01,10,1_31_27,0.045794934,0.108276652,1.515873124
Grow-Out,Ambient,Single,A,3,1_3_P01,2,1_3_2,0.522321526,0.108383229,8.779041557
Grow-Out,Ambient,Diverse,B,12,2_P10,1,2_12_46,0.396666379,0.108615431,8.797849906
Stress,High,Single,C,4,1_4_P04,8,1_4_12,0.02912205,0.108823234,1.523525281
Stress,Ambient,Diverse,B,1,2_P18,1,2_1_52,0.039424186,0.108909762,1.524736668
Grow-Out,Ambient,Diverse,D,12,2_P12,9,2_12_5,0.397224748,0.109157566,8.841762823
Stress,Ambient,Single,A,3,1_3_P04,8,1_3_23,0.046903005,0.109438882,1.532144352
Grow-Out,Ambient,Single,C,5,1_5_P04,5,1_5_13,0.161494505,0.109492012,8.868852958
Grow-Out,Ambient,Single,D,31,1_31_P01,3,1_31_15,0.139772213,0.109586802,8.876530955
Stress,High,Diverse,C,12,2_P10,1,2_12_46,0.074233231,0.109740183,1.536362565
Stress,High,Single,C,32,1_32_P04,5,1_32_16,0.028248535,0.109785839,1.537001751
Grow-Out,Ambient,Diverse,B,32,2_P04,3,1_32_60,0.240662896,0.110411984,8.943370716
Grow-Out,Ambient,Single,A,32,1_32_P03,3,1_32_65,0.176257884,0.11088711,8.981855876
Grow-Out,Ambient,Single,A,12,1_12_P02,9,1_12_61,0.213264497,0.111031152,8.993523352
Stress,Ambient,Diverse,B,1,2_P08,5,2_1_48,0.08053771,0.111771,1.564794007
Grow-Out,Ambient,Single,D,31,1_31_P03,6,1_31_1,0.188196635,0.112042212,9.075419164
Grow-Out,Ambient,Single,A,3,1_3_P02,6,1_3_27,0.303561397,0.112253605,9.092542036
Grow-Out,Ambient,Single,B,3,1_3_P04,3,1_3_20,0.239074928,0.112936557,9.147861098
Stress,Ambient,Single,A,12,1_12_P04,1,1_12_66,0.063382562,0.113841139,1.593775953
Grow-Out,Ambient,Single,A,12,1_12_P02,3,1_12_18,0.242555163,0.114002763,9.234223778
Grow-Out,Ambient,Single,A,2,1_2_P02,7,1_2_8,0.435842845,0.114364099,9.263492011
Stress,Ambient,Diverse,B,23,2_P13,1,2_23_55,0.044019155,0.114855704,1.607979851
Grow-Out,Ambient,Diverse,A,2,2_P08,8,2_2_44,0.706943046,0.115443862,9.3509528
Stress,Ambient,Diverse,A,1,2_P01,3,2_1_60,0.064481323,0.115483265,1.616765707
Stress,High,Diverse,C,3,2_P07,4,2_3_51,0.028219291,0.115489156,1.616848183
Grow-Out,Ambient,Diverse,B,32,2_P10,10,1_32_57,0.364230097,0.115699308,9.371643975
Grow-Out,Ambient,Single,A,4,1_4_P02,2,1_4_31,0.338370439,0.115929555,9.390293965
Grow-Out,Ambient,Single,B,3,1_3_P03,8,1_3_32,0.203118044,0.116134972,9.40693274
Grow-Out,Ambient,Diverse,C,12,2_P09,2,2_12_55,0.471320456,0.116179257,9.410519792
Stress,High,Single,C,4,1_4_P04,9,1_4_22,0.025155096,0.116201871,1.62682619
Stress,Ambient,Diverse,B,24,2_P13,4,2_24_54,0.092786903,0.116367752,1.629148531
Stress,Ambient,Diverse,B,2,2_P08,8,2_2_44,0.135410849,0.11669272,1.63369808
Grow-Out,Ambient,Single,D,32,1_32_P01,3,1_32_2,0.180851654,0.116872513,9.466673576
Grow-Out,Ambient,Diverse,C,2,2_P06,4,2_2_48,0.418221117,0.116950565,9.472995726
Grow-Out,Ambient,Single,C,12,1_12_P04,8,1_12_23,0.400726784,0.117859632,9.546630168
Stress,High,Single,C,23,1_23_P02,2,1_23_5,0.061375445,0.118247115,1.65545961
Grow-Out,Ambient,Single,B,24,1_24_P01,4,1_24_35,0.814184273,0.118347546,9.586151227
Stress,Ambient,Single,A,4,1_4_P03,10,1_4_26,0.048839512,0.118451345,1.658318825
Stress,Ambient,Single,A,12,1_12_P04,8,1_12_23,0.077610125,0.118725932,1.662163046
Stress,High,Single,D,1,1_1_P02,8,1_1_39,0.05646751,0.118867511,1.664145157
Grow-Out,Ambient,Diverse,D,12,2_P03,6,2_12_48,0.587923263,0.118985269,9.637806814
Grow-Out,Ambient,Single,A,32,1_32_P02,8,1_32_4,0.296779506,0.11911312,9.648162713
Grow-Out,Ambient,Single,A,12,1_12_P01,10,1_12_15,0.196149941,0.119932083,9.714498735
Grow-Out,Ambient,Single,D,32,1_32_P04,2,1_32_37,0.181176799,0.120208544,9.736892088
Grow-Out,Ambient,Single,C,12,1_12_P03,4,1_12_31,0.312208414,0.120525258,9.762545882
Stress,High,Diverse,C,31,2_P16,3,2_31_48,0.040203866,0.12073491,1.690288737
Stress,High,Single,D,1,1_1_P02,6,1_1_4,0.052423423,0.121196085,1.696745196
Stress,Ambient,Diverse,A,23,2_P11,9,2_23_43,0.11116362,0.121275386,1.697855404
Grow-Out,Ambient,Diverse,D,2,2_P13,2,2_2_42,0.446520211,0.121492095,9.840859714
Stress,Ambient,Single,B,12,1_12_P03,8,1_12_22,0.033055799,0.121849048,1.705886676
Grow-Out,Ambient,Single,D,32,1_32_P01,8,1_32_22,0.385217446,0.121904421,9.874258082
Stress,Ambient,Single,B,2,1_2_P02,10,1_2_11,0.117714071,0.122010005,1.708140072
Grow-Out,Ambient,Single,D,23,1_23_P03,7,1_23_2,0.253791471,0.122027233,9.884205857
Stress,High,Single,C,32,1_32_P04,2,1_32_37,0.034970178,0.122186109,1.710605526
Grow-Out,Ambient,Single,A,32,1_32_P03,7,1_32_9,0.271043085,0.122321102,9.908009288
Grow-Out,Ambient,Single,C,12,1_12_P03,3,1_12_40,0.263306983,0.122376191,9.912471497
Grow-Out,Ambient,Single,A,12,1_12_P02,1,1_12_63,0.148977036,0.122508604,9.923196906
Stress,Ambient,Single,A,12,1_12_P04,6,1_12_64,0.037536555,0.123158338,1.724216733
Grow-Out,Ambient,Single,B,23,1_23_P04,8,1_23_22,0.175495703,0.123444881,9.999035388
Stress,High,Diverse,D,2,2_P19,3,2_2_55,0.112697473,0.12358327,1.730165783
Grow-Out,Ambient,Single,B,24,1_24_P03,1,1_24_6,0.774877712,0.123692538,10.01909556
Stress,High,Diverse,C,5,2_P16,7,2_5_46,0.088991443,0.123750044,1.732500616
Grow-Out,Ambient,Single,D,32,1_32_P04,3,1_32_8,0.176226799,0.123850933,10.03192555
Stress,High,Single,C,1,1_1_P04,10,1_1_20,0.037802054,0.123867747,1.734148455
Grow-Out,Ambient,Diverse,D,3,2_P16,6,2_3_53,0.236641421,0.124313246,10.06937292
Grow-Out,Ambient,Single,A,32,1_32_P03,4,1_32_26,0.62004436,0.124574602,10.09054277
Grow-Out,Ambient,Diverse,B,12,2_P02,5,2_12_56,0.233357151,0.12466126,10.09756209
Grow-Out,Ambient,Single,D,1,1_1_P03,3,1_1_24,0.343232249,0.124713918,10.10182738
Grow-Out,Ambient,Single,C,2,1_2_P04,9,1_2_21,0.312054372,0.124936165,10.11982937
Stress,High,Single,C,23,1_23_P02,5,1_23_4,0.053228426,0.125322185,1.754510589
Grow-Out,Ambient,Diverse,A,3,2_P20,7,2_3_61,0.330221001,0.125613352,10.17468147
Grow-Out,Ambient,Diverse,D,1,2_P14,3,2_1_56,0.371566066,0.125762981,10.18680149
Grow-Out,Ambient,Single,D,32,1_32_P04,4,1_32_19,0.347046567,0.125846576,10.19357262
Grow-Out,Ambient,Diverse,B,1,2_P02,2,2_1_44,0.323317267,0.126024811,10.20800971
Grow-Out,Ambient,Diverse,C,32,2_P17,7,1_32_49,0.516810517,0.126217526,10.22361963
Stress,High,Single,D,3,1_3_P02,3,1_3_8,0.074316092,0.126405216,1.769673025
Stress,Ambient,Diverse,B,5,2_P03,7,2_5_57,0.062287072,0.126493204,1.770904856
Stress,Ambient,Single,B,4,1_4_P02,10,1_4_9,0.070228431,0.126955603,1.777378439
Grow-Out,Ambient,Single,C,1,1_1_P01,1,2_1_55,0.37595351,0.127060852,10.29192903
Grow-Out,Ambient,Single,A,24,1_24_P04,1,1_24_28,0.464949345,0.127221449,10.30493736
Grow-Out,Ambient,Diverse,D,3,2_P13,7,2_3_45,0.364890374,0.127441653,10.3227739
Stress,High,Single,D,31,1_31_P01,8,1_31_19,0.0233204,0.127488558,1.784839807
Grow-Out,Ambient,Single,C,23,1_23_P02,5,1_23_4,0.279426342,0.127765697,10.34902143
Stress,Ambient,Single,B,3,1_3_P03,10,1_3_16,0.074029415,0.127910721,1.790750093
Stress,Ambient,Single,B,23,1_23_P01,9,1_23_36,0.035550882,0.128042408,1.792593715
Grow-Out,Ambient,Single,C,12,1_12_P04,6,1_12_64,0.204754077,0.128168682,10.38166328
Grow-Out,Ambient,Diverse,B,24,2_P02,8,2_24_51,0.454042179,0.128367759,10.3977885
Grow-Out,Ambient,Single,A,12,1_12_P02,10,1_12_14,0.190270106,0.128695649,10.42434754
Grow-Out,Ambient,Single,A,12,1_12_P01,8,1_12_21,0.344835244,0.12870524,10.42512444
Grow-Out,Ambient,Single,C,12,1_12_P03,6,1_12_28,0.228935773,0.128758686,10.42945353
Grow-Out,Ambient,Diverse,D,23,2_P14,10,2_23_58,0.495167871,0.12876164,10.42969286
Grow-Out,Ambient,Diverse,C,23,2_P19,7,2_23_57,0.3852614,0.129119159,10.45865187
Grow-Out,Ambient,Single,B,3,1_3_P04,1,1_3_12,0.559142044,0.129145703,10.46080194
Stress,Ambient,Single,A,3,1_3_P04,2,1_3_11,0.079869496,0.129558605,1.813820465
Stress,Ambient,Single,A,3,1_3_P04,5,1_3_13,0.042283898,0.129574254,1.814039555
Grow-Out,Ambient,Single,D,23,1_23_P01,5,1_23_17,0.249898995,0.129710787,10.50657374
Stress,High,Diverse,C,31,2_P17,9,2_31_55,0.025549932,0.129958761,1.819422648
Grow-Out,Ambient,Single,A,32,1_32_P02,9,1_32_31A,0.305734646,0.130109384,10.53886008
Grow-Out,Ambient,Diverse,D,1,2_P12,3,2_1_51,0.23162976,0.131168032,10.62461062
Stress,Ambient,Single,B,31,1_31_P02,1,1_31_29,0.109474291,0.131303366,1.838247119
Stress,Ambient,Single,B,1,1_1_P03,7,1_1_40,0.04484578,0.131481408,1.840739708
Grow-Out,Ambient,Single,A,2,1_2_P03,2,1_2_9,0.92889627,0.131584742,10.65836407
Grow-Out,Ambient,Diverse,C,32,2_P19,8,1_32_47,0.989454776,0.131663723,10.66476159
Grow-Out,Ambient,Diverse,C,12,2_P19,2,2_12_49,0.455626702,0.131729379,10.67007966
Grow-Out,Ambient,Single,A,24,1_24_P04,5,1_24_27,0.38325477,0.132073585,10.69796036
Grow-Out,Ambient,Single,A,32,1_32_P02,6,1_32_34,0.273861782,0.132659545,10.74542312
Grow-Out,Ambient,Single,D,1,1_1_P03,10,1_1_37,0.259454634,0.132946872,10.76869663
Stress,Ambient,Single,B,12,1_12_P03,7,1_12_27,0.062100627,0.13330251,1.866235135
Grow-Out,Ambient,Single,B,1,1_1_P02,8,1_1_39,0.337886294,0.13353399,10.81625317
Grow-Out,Ambient,Single,D,32,1_32_P01,2,1_32_35,0.440224619,0.133643071,10.82508874
Stress,Ambient,Diverse,A,24,2_P02,8,2_24_51,0.090202244,0.133651462,1.871120468
Grow-Out,Ambient,Single,C,12,1_12_P03,7,1_12_27,0.325866144,0.133712492,10.83071185
Grow-Out,Ambient,Single,A,24,1_24_P04,4,1_24_5,0.336868126,0.133846165,10.84153935
Grow-Out,Ambient,Single,A,4,1_4_P03,2,1_4_3,0.177243463,0.133873318,10.84373874
Stress,High,Single,C,23,1_23_P02,3,1_23_11,0.027872625,0.134079346,1.877110849
Stress,High,Diverse,D,24,2_P20,1,2_24_56,0.091073883,0.134285663,1.879999284
Grow-Out,Ambient,Single,A,2,1_2_P02,2,1_2_37,0.397317126,0.134827872,10.92105764
Grow-Out,Ambient,Single,A,32,1_32_P03,10,1_32_31B,0.36047175,0.134833177,10.92148731
Stress,High,Single,C,32,1_32_P04,6,1_32_10B,0.028678534,0.134966376,1.889529265
Stress,High,Single,D,31,1_31_P01,4,1_31_17,0.057553293,0.135017011,1.890238149
Grow-Out,Ambient,Single,A,32,1_32_P02,4,1_32_14,0.163817392,0.135135245,10.94595481
Grow-Out,Ambient,Single,D,31,1_31_P03,2,1_31_9,0.403638354,0.135876548,11.00600039
Grow-Out,Ambient,Single,B,24,1_24_P01,10,1_24_3,0.496818545,0.136027125,11.01819714
Stress,Ambient,Diverse,B,5,2_P04,5,2_5_53,0.132168152,0.136193487,1.906708813
Grow-Out,Ambient,Diverse,D,31,2_P01,4,2_31_56,0.281003656,0.137186657,11.11211918
Grow-Out,Ambient,Single,A,12,1_12_P01,7,1_12_19,0.190364766,0.137484702,11.13626086
Grow-Out,Ambient,Diverse,D,4,2_P16,2,2_4_59,0.419203157,0.13758054,11.1440237
Stress,Ambient,Single,A,1,1_1_P01,8,1_1_7,0.037558818,0.137806422,1.929289903
Stress,High,Diverse,D,1,2_P19,9,2_1_59,0.075287056,0.138204708,1.93486591
Stress,Ambient,Single,A,31,1_31_P03,7,1_31_37,0.057533986,0.13821838,1.93505732
Stress,Ambient,Diverse,A,24,2_P14,6,2_24_41,0.125308688,0.138416009,1.937824122
Grow-Out,Ambient,Diverse,D,24,2_P03,1,2_24_44,1.151078869,0.138550403,11.22258264
Grow-Out,Ambient,Single,C,1,1_1_P04,7,1_1_25,0.180722281,0.138771486,11.24049034
Stress,Ambient,Single,B,4,1_4_P02,4,1_4_36,0.047209186,0.139390539,1.951467551
Grow-Out,Ambient,Diverse,C,24,2_P17,1,2_24_48,1.05768604,0.139397433,11.29119207
Grow-Out,Ambient,Single,D,32,1_32_P01,6,1_32_20,0.415574691,0.139458252,11.29611842
Stress,Ambient,Single,B,32,1_32_P02,8,1_32_4,0.066600142,0.139675659,1.955459231
Grow-Out,Ambient,Diverse,D,31,2_P07,1,2_31_53,0.35413938,0.139815509,11.32505625
Grow-Out,Ambient,Diverse,B,3,2_P05,6,2_3_49,0.20866787,0.140183088,11.3548301
Grow-Out,Ambient,Single,D,1,1_1_P03,2,1_1_11,0.390847515,0.140259558,11.36102424
Grow-Out,Ambient,Single,A,32,1_32_P02,3,1_32_17,0.283090544,0.140379979,11.3707783
Grow-Out,Ambient,Diverse,C,2,2_P18,4,2_2_47,0.5931455,0.140452455,11.37664883
Grow-Out,Ambient,Single,D,23,1_23_P01,6,1_23_41,0.237104021,0.140530582,11.38297715
Grow-Out,Ambient,Single,A,2,1_2_P02,10,1_2_11,0.694256385,0.140609025,11.38933104
Grow-Out,Ambient,Diverse,D,2,2_P01,7,2_2_61,0.542389495,0.140758868,11.40146833
Stress,High,Single,C,4,1_4_P04,7,1_4_10,0.040641591,0.140859342,1.972030793
Stress,Ambient,Diverse,B,24,2_P08,1,2_24_50,0.162709348,0.140964055,1.973496776
Grow-Out,Ambient,Diverse,A,3,2_P11,4,2_3_42,0.420172496,0.141512698,11.4625285
Grow-Out,Ambient,Diverse,D,2,2_P12,1,2_2_41,0.793904989,0.14161085,11.47047888
Grow-Out,Ambient,Single,C,1,1_1_P04,10,1_1_20,0.224422165,0.141698743,11.47759818
Grow-Out,Ambient,Diverse,A,23,2_P20,9,2_23_48,0.300351362,0.142372846,11.53220051
Stress,Ambient,Single,A,23,1_23_P03,8,1_23_20,0.051548943,0.142611666,1.996563321
Grow-Out,Ambient,Single,D,31,1_31_P03,4,1_31_10,0.322909353,0.142632686,11.5532476
Stress,Ambient,Diverse,A,5,2_P14,5,2_5_45,0.104038865,0.142709719,1.99793606
Grow-Out,Ambient,Diverse,B,1,2_P04,7,2_1_47,0.209213416,0.142969739,11.58054885
Stress,Ambient,Single,B,4,1_4_P02,2,1_4_31,0.079644235,0.143032649,2.002457087
Stress,Ambient,Single,B,31,1_31_P02,6,1_31_13,0.026885206,0.143050708,2.002709914
Grow-Out,Ambient,Single,B,24,1_24_P03,7,1_24_38,0.30899894,0.143158235,11.595817
Grow-Out,Ambient,Single,A,2,1_2_P03,3,1_2_28,0.412351537,0.143540859,11.62680957
Grow-Out,Ambient,Single,C,1,1_1_P01,7,1_1_23,0.2336228,0.14368573,11.63854415
Stress,Ambient,Diverse,A,1,2_P11,7,2_1_49,0.053521884,0.143946191,2.015246677
Grow-Out,Ambient,Diverse,A,24,2_P08,1,2_24_50,0.861601496,0.144633722,11.71533147
Grow-Out,Ambient,Single,C,5,1_5_P04,9,1_5_33,0.225824146,0.144651976,11.71681006
Grow-Out,Ambient,Diverse,D,32,2_P13,10,2_32_42,0.380542911,0.145564668,11.79073814
Stress,Ambient,Single,B,2,1_2_P02,1,1_2_32,0.078516209,0.146023315,2.044326403
Grow-Out,Ambient,Single,B,24,1_24_P01,1,1_24_25,0.447262656,0.146045819,11.82971132
Grow-Out,Ambient,Diverse,A,32,2_P11,10,1_32_51,0.44396023,0.146870819,11.89653635
Grow-Out,Ambient,Single,A,24,1_24_P04,9,1_24_24,0.204449876,0.147021274,11.90872322
Grow-Out,Ambient,Diverse,D,5,2_P16,7,2_5_46,0.530521807,0.147117225,11.91649521
Stress,High,Single,C,23,1_23_P02,9,1_23_21,0.034594428,0.147140168,2.059962352
Grow-Out,Ambient,Diverse,A,12,2_P11,3,2_12_59,0.354347682,0.147283345,11.92995091
Grow-Out,Ambient,Single,C,2,1_2_P04,6,1_2_7,0.213777578,0.147631124,11.95812102
Stress,Ambient,Single,A,23,1_23_P03,3,1_23_35,0.030473099,0.14783872,2.069742086
Grow-Out,Ambient,Single,C,2,1_2_P04,3,1_2_25,0.948862908,0.147873262,11.97773422
Grow-Out,Ambient,Diverse,D,32,2_P14,1,2_32_41,0.324398592,0.147994451,11.98755055
Stress,Ambient,Single,B,3,1_3_P03,3,1_3_6,0.183045801,0.148269014,2.075766191
Stress,Ambient,Single,B,24,1_24_P04,8,1_24_15,0.063151157,0.148676159,2.081466226
Grow-Out,Ambient,Diverse,C,4,2_P19,1,2_4_54,0.199183217,0.148787973,12.05182579
Stress,Ambient,Diverse,A,5,2_P09,10,2_5_56,0.05592056,0.148816153,2.083426136
Grow-Out,Ambient,Single,A,32,1_32_P02,1,1_32_63,0.214082143,0.148849711,12.05682656
Grow-Out,Ambient,Diverse,C,2,2_P09,8,2_2_50,0.445971373,0.148965338,12.06619236
Grow-Out,Ambient,Single,D,31,1_31_P01,2,1_31_36,0.430271741,0.149087731,12.07610624
Grow-Out,Ambient,Diverse,B,23,2_P05,7,2_23_47,0.397237375,0.149282267,12.09186362
Grow-Out,Ambient,Single,C,2,1_2_P04,8,1_2_29,0.861009508,0.14968588,12.12455631
Stress,High,Single,D,31,1_31_P01,5,1_31_21,0.092566767,0.149827681,2.09758754
Grow-Out,Ambient,Diverse,B,32,2_P02,9,1_32_56,0.409207494,0.149980003,12.14838024
Grow-Out,Ambient,Diverse,D,3,2_P14,4,2_3_59,0.338683875,0.150054013,12.15437503
Grow-Out,Ambient,Diverse,B,12,2_P15,1,2_12_51,0.432630161,0.150521535,12.19224433
Stress,Ambient,Diverse,B,23,2_P18,6,2_23_46,0.064851915,0.150676284,2.10946797
Stress,Ambient,Single,B,5,1_5_P01,8,1_5_17,0.028883082,0.150724691,2.110145678
Grow-Out,Ambient,Diverse,D,5,2_P12,2,2_5_42,0.351536971,0.150814077,12.21594026
Grow-Out,Ambient,Single,C,23,1_23_P02,10,1_23_28,0.226705512,0.15099209,12.23035932
Grow-Out,Ambient,Single,A,2,1_2_P03,7,1_2_26,0.7402573,0.151046101,12.23473416
Grow-Out,Ambient,Single,B,31,1_31_P02,9,1_31_31,0.172754044,0.151354258,12.25969493
Grow-Out,Ambient,Single,A,3,1_3_P01,8,1_3_40,0.393553433,0.151411669,12.26434522
Grow-Out,Ambient,Single,C,1,1_1_P01,4,1_1_8,0.364300047,0.151446202,12.26714234
Stress,High,Single,D,23,1_23_P04,6,1_23_1,0.043102729,0.152395733,2.133540263
Grow-Out,Ambient,Diverse,A,31,2_P08,4,2_31_41,0.313091986,0.152711108,12.36959976
Grow-Out,Ambient,Single,B,24,1_24_P01,5,1_24_19,0.951812911,0.153528878,12.4358391
Grow-Out,Ambient,Diverse,C,3,2_P06,6,2_3_50,0.310696433,0.153753806,12.45405831
Grow-Out,Ambient,Single,B,24,1_24_P03,9,1_24_29,0.424939925,0.153975023,12.47197685
Stress,High,Single,C,4,1_4_P04,2,1_4_13,0.034512037,0.154221682,2.15910355
Grow-Out,Ambient,Single,D,32,1_32_P01,9,1_32_24,0.569811877,0.154401824,12.50654773
Grow-Out,Ambient,Single,C,12,1_12_P04,10,1_12_25,0.242822016,0.154405367,12.50683475
Grow-Out,Ambient,Diverse,B,31,2_P10,3,2_31_49,0.579292541,0.154490344,12.51371785
Grow-Out,Ambient,Single,B,31,1_31_P02,5,1_31_38,0.255590752,0.15500968,12.55578405
Stress,Ambient,Single,B,4,1_4_P02,1,1_4_30,0.075908006,0.155309187,2.174328617
Stress,High,Single,C,31,1_31_P04,9,1_31_5,0.07036515,0.155381322,2.175338501
Stress,High,Diverse,C,24,2_P16,1,2_24_42,0.075894949,0.155830408,2.18162571
Grow-Out,Ambient,Diverse,C,4,2_P17,2,2_4_58,0.179441713,0.156086626,12.64301671
Grow-Out,Ambient,Diverse,B,3,2_P02,1,2_3_46,0.268289788,0.156279294,12.65862285
Grow-Out,Ambient,Single,D,31,1_31_P03,7,1_31_37,0.334351987,0.156703782,12.69300636
Grow-Out,Ambient,Single,D,1,1_1_P03,6,1_1_31,0.15091696,0.156971838,12.71471889
Grow-Out,Ambient,Single,A,32,1_32_P03,9,1_32_38,0.19890634,0.157122878,12.72695314
Grow-Out,Ambient,Single,C,2,1_2_P04,1,1_2_16,0.285909042,0.157286315,12.74019151
Grow-Out,Ambient,Single,C,1,1_1_P04,4,1_1_63,0.22145724,0.157541789,12.76088494
Grow-Out,Ambient,Single,B,1,1_1_P02,10,1_1_22,0.28825638,0.157587128,12.76455737
Grow-Out,Ambient,Single,C,1,1_1_P04,6,1_1_5,0.486490786,0.157683489,12.77236262
Grow-Out,Ambient,Single,C,1,1_1_P01,3,1_1_17,0.470672931,0.157745071,12.77735071
Stress,High,Single,D,5,1_5_P04,9,1_5_33,0.049757805,0.157942557,2.211195795
Grow-Out,Ambient,Single,A,4,1_4_P03,5,1_4_8,0.236676794,0.157961075,12.79484704
Grow-Out,Ambient,Single,B,3,1_3_P04,8,1_3_23,0.355641949,0.157994281,12.79753672
Stress,High,Single,D,32,1_32_P03,7,1_32_9,0.066868223,0.158108245,2.213515435
Grow-Out,Ambient,Diverse,C,32,2_P09,6,1_32_43,0.384940552,0.158117826,12.80754394
Grow-Out,Ambient,Single,B,24,1_24_P03,4,1_24_21,0.230558275,0.158193132,12.81364372
Grow-Out,Ambient,Single,D,31,1_31_P01,1,1_31_18,0.436676909,0.158236188,12.81713124
Grow-Out,Ambient,Diverse,D,5,2_P13,5,2_5_51,0.223950029,0.158446579,12.83417293
Grow-Out,Ambient,Single,B,3,1_3_P03,4,1_3_1,0.361429305,0.158548591,12.84243583
Grow-Out,Ambient,Diverse,D,32,2_P12,8,2_32_45,0.220685395,0.15892841,12.87320122
Grow-Out,Ambient,Single,B,24,1_24_P03,5,1_24_16,0.390864615,0.159317924,12.90475186
Grow-Out,Ambient,Single,B,1,1_1_P02,4,1_1_14,0.341494726,0.159469647,12.91704143
Stress,Ambient,Single,A,32,1_32_P01,3,1_32_2,0.047452227,0.159555493,2.233776904
Grow-Out,Ambient,Single,C,23,1_23_P02,6,1_23_27,0.243123101,0.159887786,12.9509107
Grow-Out,Ambient,Single,D,32,1_32_P04,1,1_32_25,0.247591141,0.160005801,12.96046987
Stress,Ambient,Single,B,5,1_5_P01,5,1_5_15,0.042367242,0.160062114,2.240869596
Stress,Ambient,Single,B,5,1_5_P01,4,1_5_2,0.02898916,0.160160642,2.242248992
Grow-Out,Ambient,Diverse,A,32,2_P08,7,2_32_44,0.447322792,0.160231441,12.97874673
Grow-Out,Ambient,Diverse,B,2,2_P02,10,2_2_43,0.541276431,0.160418585,12.99390541
Grow-Out,Ambient,Single,A,24,1_24_P04,3,1_24_11,0.604480003,0.160932073,13.03549789
Grow-Out,Ambient,Single,C,5,1_5_P01,1,1_5_30,0.233284126,0.16150114,13.08159231
Grow-Out,Ambient,Single,A,32,1_32_P02,5,1_32_21,0.355141305,0.161539691,13.08471494
Grow-Out,Ambient,Diverse,D,5,2_P14,5,2_5_45,0.599229343,0.161702978,13.09794121
Grow-Out,Ambient,Single,A,31,1_31_P04,7,1_31_4,0.22828619,0.161742882,13.10117348
Stress,High,Single,D,24,1_24_P02,1,1_24_1,0.132828431,0.162123727,2.269732177
Grow-Out,Ambient,Single,B,3,1_3_P04,4,1_3_26,0.464502217,0.162401128,13.15449134
Grow-Out,Ambient,Single,D,32,1_32_P04,5,1_32_16,0.211181524,0.162403622,13.15469339
Grow-Out,Ambient,Single,A,31,1_31_P04,8,1_31_26,0.35678632,0.162424383,13.15637506
Grow-Out,Ambient,Diverse,C,1,2_P17,6,2_1_50,0.465164311,0.162606291,13.1711096
Grow-Out,Ambient,Diverse,B,3,2_P15,4,2_3_56,0.330510936,0.162725715,13.18078295
Stress,Ambient,Diverse,B,32,2_P03,10,1_32_50,0.094724664,0.163017961,2.282251454
Grow-Out,Ambient,Single,D,32,1_32_P04,10,1_32_5,0.322987218,0.1632666,13.22459459
Grow-Out,Ambient,Single,D,23,1_23_P01,1,1_23_39,0.421331996,0.163330038,13.22973311
Grow-Out,Ambient,Diverse,D,32,2_P01,6,1_32_46,0.376722252,0.16342886,13.23773765
Grow-Out,Ambient,Diverse,D,32,2_P03,10,1_32_50,0.485697964,0.16361823,13.25307663
Grow-Out,Ambient,Diverse,B,31,2_P15,6,2_31_59,0.516931601,0.163805645,13.26825722
Grow-Out,Ambient,Diverse,B,4,2_P10,8,2_4_56,0.380196254,0.163852892,13.27208423
Grow-Out,Ambient,Diverse,A,1,2_P20,10,2_1_61,0.386315552,0.164049343,13.28799677
Grow-Out,Ambient,Single,B,3,1_3_P03,6,1_3_7,0.431203125,0.164181884,13.29873264
Stress,Ambient,Single,A,24,1_24_P03,5,1_24_16,0.077957385,0.164423462,2.301928462
Grow-Out,Ambient,Diverse,C,31,2_P06,5,2_31_52,0.397475804,0.164695159,13.3403079
Stress,Ambient,Single,B,23,1_23_P01,6,1_23_41,0.054149483,0.16486241,2.308073744
Grow-Out,Ambient,Diverse,D,1,2_P03,5,2_1_41,0.259637398,0.165126996,13.37528668
Grow-Out,Ambient,Diverse,C,24,2_P09,3,2_24_49,0.934303704,0.16523433,13.38398075
Stress,Ambient,Single,A,24,1_24_P03,7,1_24_38,0.068651495,0.16582084,2.321491761
Grow-Out,Ambient,Diverse,D,31,2_P14,2,2_31_47,0.306733688,0.166067201,13.45144327
Grow-Out,Ambient,Single,C,2,1_2_P01,2,1_2_31,0.756586673,0.166450466,13.48248775
Grow-Out,Ambient,Diverse,B,3,2_P02,7,2_3_60,0.272849466,0.166556642,13.49108803
Grow-Out,Ambient,Single,B,24,1_24_P03,6,1_24_61,0.639827341,0.166707015,13.50326822
Grow-Out,Ambient,Single,A,4,1_4_P02,8,1_4_25,0.351860614,0.166717551,13.50412161
Stress,Ambient,Single,B,3,1_3_P03,6,1_3_7,0.083991236,0.166850627,2.335908777
Grow-Out,Ambient,Single,A,31,1_31_P04,5,1_31_20,0.329932699,0.167098462,13.53497542
Grow-Out,Ambient,Single,B,3,1_3_P04,7,1_3_35,0.543618528,0.167408152,13.56006031
Grow-Out,Ambient,Single,B,24,1_24_P03,2,1_24_23,0.693335003,0.167990338,13.60721738
Grow-Out,Ambient,Single,B,24,1_24_P02,5,1_24_18,0.694284397,0.168188863,13.6232979
Stress,Ambient,Single,B,3,1_3_P03,9,1_3_29,0.122592487,0.168504334,2.359060674
Stress,Ambient,Single,A,1,1_1_P01,5,1_1_2,0.089363584,0.168772072,2.362809008
Stress,Ambient,Single,A,2,1_2_P01,3,1_2_34,0.111900731,0.168935641,2.365098972
Grow-Out,Ambient,Single,D,32,1_32_P01,10,1_32_61,0.541784096,0.1689943,13.68853832
Grow-Out,Ambient,Single,B,3,1_3_P03,7,1_3_3,0.310276664,0.169600538,13.73764358
Grow-Out,Ambient,Single,D,4,1_4_P01,8,1_4_38,0.171857258,0.169914861,13.76310376
Grow-Out,Ambient,Single,B,24,1_24_P02,8,1_24_40,0.428066125,0.1700661,13.77535412
Grow-Out,Ambient,Single,C,1,1_1_P01,8,1_1_7,0.239780045,0.170115447,13.77935122
Grow-Out,Ambient,Diverse,D,12,2_P07,9,2_12_45,0.381392754,0.171161739,13.86410084
Grow-Out,Ambient,Diverse,C,23,2_P18,6,2_23_46,0.379829929,0.171180005,13.86558039
Grow-Out,Ambient,Diverse,C,23,2_P09,4,2_23_42,0.309693846,0.171274188,13.87320924
Grow-Out,Ambient,Single,B,23,1_23_P04,7,1_23_18,0.289719121,0.171637605,13.90264604
Stress,High,Single,D,31,1_31_P01,3,1_31_15,0.041440978,0.171710272,2.403943805
Stress,Ambient,Single,B,24,1_24_P04,10,1_24_14,0.063584967,0.171871275,2.406197849
Grow-Out,Ambient,Single,D,23,1_23_P01,7,1_23_37,0.369463944,0.171943183,13.92739786
Grow-Out,Ambient,Diverse,D,12,2_P01,10,2_12_50,0.318231256,0.172460504,13.9693008
Grow-Out,Ambient,Single,B,31,1_31_P02,2,1_31_40,0.499930429,0.172880082,14.00328662
Grow-Out,Ambient,Single,B,4,1_4_P04,3,1_4_39,0.411334782,0.173167056,14.02653154
Grow-Out,Ambient,Single,A,3,1_3_P01,7,1_3_38,0.268863917,0.17329434,14.03684152
Grow-Out,Ambient,Single,B,31,1_31_P02,4,1_31_7,0.497323814,0.173355116,14.04176436
Stress,Ambient,Single,B,31,1_31_P02,7,1_31_30,0.106376438,0.173357841,2.427009772
Grow-Out,Ambient,Single,A,2,1_2_P03,9,1_2_49,0.572963786,0.173535666,14.05638897
Grow-Out,Ambient,Single,C,2,1_2_P01,1,1_2_24,1.35601818,0.173558648,14.0582505
Stress,Ambient,Diverse,A,31,2_P02,4,2_31_57,0.088297781,0.17383679,2.43371506
Stress,High,Single,D,3,1_3_P02,9,1_3_9,0.148539686,0.174374538,2.441243529
Grow-Out,Ambient,Diverse,A,2,2_P20,3,2_2_58,0.564140048,0.174626334,14.14473307
Grow-Out,Ambient,Single,C,2,1_2_P04,4,1_2_36,0.57794722,0.175222064,14.19298718
Stress,Ambient,Single,A,3,1_3_P04,4,1_3_26,0.098898677,0.175242234,2.453391278
Grow-Out,Ambient,Diverse,A,2,2_P11,5,2_2_60,0.408512232,0.17552375,14.21742379
Stress,High,Diverse,C,4,2_P17,2,2_4_58,0.039352999,0.175554339,2.45776075
Stress,Ambient,Single,B,32,1_32_P02,2,1_32_30,0.051771914,0.175586728,2.458214189
Stress,Ambient,Single,A,4,1_4_P03,3,1_4_19,0.11708003,0.175637133,2.458919857
Grow-Out,Ambient,Diverse,D,2,2_P14,9,2_2_57,0.528269157,0.175723003,14.23356327
Stress,Ambient,Single,B,31,1_31_P02,4,1_31_7,0.099648425,0.175807311,2.461302356
Grow-Out,Ambient,Single,C,2,1_2_P04,7,1_2_35B,0.737456939,0.176124982,14.26612351
Grow-Out,Ambient,Diverse,D,4,2_P03,2,2_4_42,0.3101648,0.176418938,14.28993396
Grow-Out,Ambient,Single,D,4,1_4_P01,3,1_4_14,0.268174972,0.176758692,14.31745404
Grow-Out,Ambient,Diverse,D,24,2_P01,2,2_24_58,0.491883516,0.176917615,14.33032685
Stress,Ambient,Single,A,4,1_4_P03,8,1_4_21,0.039785666,0.177022406,2.478313685
Grow-Out,Ambient,Single,C,2,1_2_P01,5,1_2_35A,0.421409713,0.177141156,14.34843363
Grow-Out,Ambient,Diverse,D,23,2_P16,5,2_23_54,0.363537045,0.177232273,14.35581412
Stress,Ambient,Single,A,31,1_31_P03,1,1_31_25,0.059806944,0.17751208,2.485169121
Grow-Out,Ambient,Single,A,4,1_4_P03,3,1_4_19,0.605549,0.177658331,14.39032482
Stress,Ambient,Single,B,31,1_31_P02,2,1_31_40,0.101933674,0.177858009,2.490012131
Grow-Out,Ambient,Single,A,32,1_32_P02,2,1_32_30,0.264327825,0.178095449,14.42573139
Grow-Out,Ambient,Single,B,24,1_24_P01,6,1_24_7,0.237053855,0.178344364,14.44589351
Grow-Out,Ambient,Single,B,24,1_24_P02,10,1_24_9,1.384449884,0.178410625,14.45126062
Stress,High,Diverse,C,5,2_P17,4,2_5_44,0.07442515,0.178429884,2.49801837
Grow-Out,Ambient,Single,D,31,1_31_P01,4,1_31_17,0.377703837,0.17864599,14.47032523
Grow-Out,Ambient,Single,C,1,1_1_P01,9,1_1_19,0.435738866,0.178732693,14.47734815
Grow-Out,Ambient,Single,D,31,1_31_P01,9,1_31_61,0.430655648,0.17889828,14.49076072
Grow-Out,Ambient,Single,D,4,1_4_P01,2,1_4_40,0.350160232,0.179033656,14.50172616
Grow-Out,Ambient,Single,A,4,1_4_P03,10,1_4_26,0.377516552,0.179283001,14.52192308
Stress,Ambient,Diverse,A,4,2_P01,5,2_4_50,0.086133513,0.179814156,2.517398186
Stress,High,Diverse,D,5,2_P15,2,2_5_47,0.050406164,0.179901568,2.518621951
Stress,High,Diverse,D,23,2_P19,7,2_23_57,0.103271645,0.180447749,2.52626849
Grow-Out,Ambient,Diverse,C,4,2_P06,7,2_4_49,0.461748676,0.180582273,14.62716411
Grow-Out,Ambient,Single,D,4,1_4_P01,5,1_4_33,0.393793775,0.180644044,14.63216759
Stress,Ambient,Single,B,32,1_32_P02,6,1_32_34,0.07209006,0.180773958,2.530835414
Grow-Out,Ambient,Single,A,31,1_31_P04,9,1_31_5,0.404881378,0.180864925,14.6500589
Grow-Out,Ambient,Single,B,24,1_24_P01,7,1_24_26,0.232084344,0.181133234,14.67179197
Stress,Ambient,Single,B,2,1_2_P02,7,1_2_8,0.129175528,0.181494861,2.540928059
Grow-Out,Ambient,Single,A,4,1_4_P02,10,1_4_9,0.51329428,0.181577318,14.70776274
Stress,High,Diverse,C,1,2_P10,9,2_1_42,0.026559736,0.182188539,2.550639545
Grow-Out,Ambient,Single,B,1,1_1_P02,2,1_1_32,0.297170495,0.1825203,14.78414431
Grow-Out,Ambient,Single,C,5,1_5_P03,5,1_5_37,0.212851777,0.182788992,14.80590838
Grow-Out,Ambient,Single,D,4,1_4_P01,1,1_4_7,0.37676243,0.18330031,14.84732511
Grow-Out,Ambient,Diverse,D,4,2_P01,5,2_4_50,0.452660856,0.183985875,14.90285591
Grow-Out,Ambient,Single,D,32,1_32_P01,1,1_32_62,0.347789402,0.183992786,14.90341567
Grow-Out,Ambient,Single,A,4,1_4_P02,9,1_4_16,0.457520621,0.184045907,14.90771844
Grow-Out,Ambient,Single,D,23,1_23_P03,6,1_23_38,0.466276451,0.184172027,14.91793422
Stress,Ambient,Single,A,24,1_24_P03,4,1_24_21,0.052089923,0.185455157,2.596372192
Grow-Out,Ambient,Diverse,A,32,2_P20,6,1_32_52,0.515229604,0.185701344,15.04180889
Grow-Out,Ambient,Single,B,24,1_24_P01,8,1_24_30,0.739807931,0.185799986,15.04979885
Grow-Out,Ambient,Single,D,23,1_23_P03,10,1_23_40,0.202982465,0.186275387,15.08830638
Grow-Out,Ambient,Diverse,C,31,2_P09,1,2_31_54,0.417602232,0.186500344,15.10652785
Grow-Out,Ambient,Single,C,1,1_1_P04,8,1_1_36,0.578819516,0.186796624,15.13052653
Grow-Out,Ambient,Single,A,4,1_4_P02,3,1_4_28,0.573700017,0.18687128,15.13657372
Grow-Out,Ambient,Diverse,D,4,2_P12,10,2_4_55,0.391605409,0.187065237,15.15228418
Stress,Ambient,Diverse,A,2,2_P14,9,2_2_57,0.108840318,0.187344967,2.622829537
Stress,Ambient,Single,B,4,1_4_P02,5,1_4_24,0.090222847,0.187657246,2.627201448
Grow-Out,Ambient,Single,D,31,1_31_P03,9,1_31_28,0.263122839,0.187934914,15.22272802
Grow-Out,Ambient,Single,B,3,1_3_P03,2,1_3_19,0.37202192,0.188359204,15.25709556
Grow-Out,Ambient,Diverse,D,3,2_P07,4,2_3_51,0.243294731,0.188399695,15.26037526
Stress,Ambient,Diverse,A,1,2_P02,2,2_1_44,0.093145273,0.188813172,2.643384407
Grow-Out,Ambient,Single,D,32,1_32_P01,7,1_32_1,0.238918078,0.189019832,15.3106064
Grow-Out,Ambient,Diverse,D,32,2_P07,8,2_32_43,0.443602532,0.18930955,15.33407352
Grow-Out,Ambient,Diverse,B,24,2_P15,3,2_24_59,0.464983314,0.189440776,15.34470285
Grow-Out,Ambient,Diverse,C,1,2_P09,7,2_1_57,0.856780392,0.190664149,15.44379608
Grow-Out,Ambient,Single,C,1,1_1_P01,6,1_1_13,0.314275061,0.190815703,15.45607192
Grow-Out,Ambient,Diverse,C,1,2_P06,1,2_1_43,0.231898647,0.190961354,15.46786968
Grow-Out,Ambient,Diverse,A,24,2_P20,1,2_24_56,0.662252685,0.191163353,15.48423159
Grow-Out,Ambient,Single,C,23,1_23_P02,4,1_23_9,0.181683688,0.191268817,15.49277416
Grow-Out,Ambient,Single,D,31,1_31_P03,10,1_31_16,0.501960451,0.192283348,15.57495117
Grow-Out,Ambient,Diverse,D,3,2_P03,8,2_3_55,0.396657617,0.192482976,15.59112106
Grow-Out,Ambient,Single,B,31,1_31_P02,10,1_31_62,0.568792914,0.192611467,15.60152879
Grow-Out,Ambient,Diverse,D,23,2_P01,1,2_23_59,0.423736981,0.192969035,15.63049186
Grow-Out,Ambient,Diverse,D,3,2_P01,8,2_3_58,0.500423791,0.193310924,15.65818485
Grow-Out,Ambient,Single,A,3,1_3_P01,6,1_3_33,0.340561537,0.193473026,15.67131507
Grow-Out,Ambient,Diverse,B,4,2_P02,3,2_4_47,0.69379346,0.193740458,15.69297712
Stress,Ambient,Single,B,1,1_1_P03,10,1_1_37,0.073024715,0.194410837,2.721751717
Grow-Out,Ambient,Diverse,D,12,2_P14,8,2_12_42,0.320176638,0.194528742,15.75682811
Grow-Out,Ambient,Diverse,D,24,2_P07,5,2_24_57,0.38332576,0.194812456,15.77980895
Stress,Ambient,Single,A,1,1_1_P01,10,1_1_28,0.070606019,0.19494594,2.729243162
Grow-Out,Ambient,Single,B,23,1_23_P04,9,1_23_10,0.664639779,0.195103974,15.80342192
Grow-Out,Ambient,Diverse,A,4,2_P20,2,2_4_60,0.64761133,0.195137948,15.80617376
Grow-Out,Ambient,Diverse,A,1,2_P08,5,2_1_48,0.702014217,0.195506967,15.83606433
Grow-Out,Ambient,Diverse,D,23,2_P13,1,2_23_55,0.373099087,0.195592217,15.84296959
Grow-Out,Ambient,Diverse,C,31,2_P18,7,2_31_51,0.408365099,0.196605766,15.92506702
Grow-Out,Ambient,Single,B,31,1_31_P02,7,1_31_30,0.597697688,0.196907169,15.94948072
Grow-Out,Ambient,Single,D,31,1_31_P01,10,1_31_27,0.415532367,0.197252304,15.97743663
Grow-Out,Ambient,Single,D,23,1_23_P03,1,1_23_29,0.516437541,0.197269163,15.97880219
Grow-Out,Ambient,Single,A,4,1_4_P03,7,1_4_32,0.308477262,0.197307458,15.98190413
Grow-Out,Ambient,Single,A,4,1_4_P02,6,1_4_35,0.548995781,0.197422222,15.99119995
Grow-Out,Ambient,Single,B,24,1_24_P03,3,1_24_8,0.425220934,0.197533106,16.00018161
Grow-Out,Ambient,Single,B,1,1_1_P02,9,1_1_16,0.742788761,0.198252404,16.05844475
Stress,Ambient,Diverse,B,2,2_P04,9,2_2_56,0.047284139,0.198288394,2.776037516
Grow-Out,Ambient,Single,D,23,1_23_P01,2,1_23_12,0.252150893,0.198589621,16.08575931
Grow-Out,Ambient,Single,B,3,1_3_P03,9,1_3_29,0.722209851,0.198634607,16.08940318
Stress,Ambient,Single,B,1,1_1_P03,9,1_1_29,0.098180128,0.198802737,2.783238312
Grow-Out,Ambient,Single,A,4,1_4_P02,1,1_4_30,0.490666595,0.19890986,16.11169865
Grow-Out,Ambient,Single,C,2,1_2_P01,3,1_2_34,0.668764774,0.199055303,16.12347955
Grow-Out,Ambient,Single,C,12,1_12_P04,3,1_12_12,0.308972922,0.199383579,16.15006991
Grow-Out,Ambient,Single,D,31,1_31_P03,3,1_31_2,0.166419286,0.199753726,16.1800518
Stress,Ambient,Diverse,B,3,2_P08,9,2_3_44,0.084352667,0.199832661,2.797657259
Stress,Ambient,Single,A,4,1_4_P03,4,1_4_20,0.091692447,0.200307752,2.804308524
Grow-Out,Ambient,Single,B,24,1_24_P02,1,1_24_1,0.819797317,0.201019382,16.28256998
Grow-Out,Ambient,Single,C,12,1_12_P03,10,1_12_26,0.354470747,0.201101287,16.28920426
Grow-Out,Ambient,Single,A,31,1_31_P04,10,1_31_8,0.23447081,0.201368395,16.31084
Grow-Out,Ambient,Single,D,32,1_32_P01,5,1_32_33,0.320670589,0.201494489,16.32105359
Stress,Ambient,Single,B,1,1_1_P03,5,1_1_26,0.077714247,0.201724818,2.824147454
Grow-Out,Ambient,Diverse,D,23,2_P12,5,2_23_44,0.388043753,0.202000912,16.3620739
Grow-Out,Ambient,Single,A,2,1_2_P02,6,1_2_22,1.050394204,0.202290839,16.38555795
Grow-Out,Ambient,Single,A,4,1_4_P03,4,1_4_20,0.461961898,0.203123931,16.45303845
Stress,Ambient,Single,B,2,1_2_P02,6,1_2_22,0.214541971,0.203152728,2.844138192
Grow-Out,Ambient,Diverse,D,24,2_P16,1,2_24_42,0.492149309,0.203628117,16.49387747
Grow-Out,Ambient,Single,C,1,1_1_P04,1,1_1_61,0.61454196,0.203739882,16.5029304
Grow-Out,Ambient,Single,D,4,1_4_P01,4,1_4_18,0.409648725,0.203860708,16.51271738
Grow-Out,Ambient,Single,C,5,1_5_P03,1,1_5_34,0.152233433,0.204330066,16.55073538
Grow-Out,Ambient,Diverse,C,23,2_P06,2,2_23_5,0.576659069,0.205643962,16.65716096
Grow-Out,Ambient,Diverse,A,23,2_P11,9,2_23_43,0.937812798,0.206049859,16.69003858
Grow-Out,Ambient,Single,C,5,1_5_P01,4,1_5_2,0.181241435,0.206113885,16.69522467
Stress,Ambient,Diverse,A,12,2_P14,8,2_12_42,0.066264057,0.207057642,2.898806983
Grow-Out,Ambient,Diverse,D,1,2_P07,10,2_1_45,0.339193105,0.207298016,16.79113932
Grow-Out,Ambient,Diverse,C,5,2_P17,4,2_5_44,0.419605789,0.207378873,16.79768871
Stress,Ambient,Single,A,24,1_24_P03,6,1_24_61,0.154012422,0.208491446,2.918880247
Grow-Out,Ambient,Single,A,2,1_2_P02,9,1_2_1,0.902478461,0.209623574,16.97950951
Stress,Ambient,Single,A,1,1_1_P01,3,1_1_17,0.122516057,0.210650781,2.949110937
Stress,Ambient,Diverse,B,31,2_P08,4,2_31_41,0.084553298,0.211632128,2.962849792
Grow-Out,Ambient,Single,B,4,1_4_P04,10,1_4_11,0.691922171,0.211973009,17.16981375
Grow-Out,Ambient,Single,C,2,1_2_P01,9,1_2_10,0.564393509,0.212130004,17.18253034
Grow-Out,Ambient,Diverse,C,1,2_P18,1,2_1_52,0.376143246,0.21245123,17.20854962
Stress,Ambient,Diverse,A,31,2_P14,2,2_31_47,0.07573416,0.212609354,2.976530956
Grow-Out,Ambient,Single,C,5,1_5_P03,8,1_5_25,0.188052861,0.214379126,17.36470924
Grow-Out,Ambient,Diverse,B,12,2_P04,2,2_12_61,0.289994371,0.21445112,17.37054074
Grow-Out,Ambient,Single,C,5,1_5_P04,6,1_5_23,0.195203355,0.214545015,17.37814618
Grow-Out,Ambient,Single,A,2,1_2_P03,10,1_2_60,0.831200033,0.2148536,17.40314158
Grow-Out,Ambient,Single,C,5,1_5_P04,10,1_5_11,0.301157195,0.215078239,17.42133733
Grow-Out,Ambient,Diverse,B,24,2_P10,7,2_24_45,0.517892267,0.216230727,17.51468888
Grow-Out,Ambient,Single,C,1,1_1_P01,2,1_1_18,0.636645935,0.216849517,17.56481086
Grow-Out,Ambient,Diverse,B,1,2_P05,8,2_1_46,0.548584614,0.217096569,17.58482207
Stress,Ambient,Single,A,4,1_4_P03,6,1_4_29,0.178337681,0.217931467,3.051040534
Grow-Out,Ambient,Single,D,23,1_23_P01,3,1_23_25,0.26591723,0.217979634,17.65635035
Stress,Ambient,Single,A,24,1_24_P03,2,1_24_23,0.177620994,0.21890146,3.064620434
Grow-Out,Ambient,Single,D,31,1_31_P01,5,1_31_21,0.653710831,0.220654201,17.8729903
Grow-Out,Ambient,Diverse,D,2,2_P03,3,2_2_46,0.868704367,0.221694453,17.95725072
Grow-Out,Ambient,Single,C,12,1_12_P04,7,1_12_4,0.378514824,0.221795003,17.96539523
Stress,High,Single,D,32,1_32_P03,10,1_32_31B,0.11508632,0.221803751,3.105252519
Grow-Out,Ambient,Single,A,4,1_4_P03,6,1_4_29,0.903842036,0.22199051,17.98123132
Grow-Out,Ambient,Single,D,4,1_4_P01,9,1_4_17,0.536598934,0.222142388,17.99353344
Grow-Out,Ambient,Single,D,1,1_1_P03,9,1_1_29,0.548369578,0.222820714,18.04847787
Stress,Ambient,Single,B,24,1_24_P04,5,1_24_27,0.123818152,0.223389122,3.127447714
Grow-Out,Ambient,Single,D,31,1_31_P03,1,1_31_25,0.370655989,0.223729163,18.12206218
Grow-Out,Ambient,Single,B,24,1_24_P02,6,1_24_36,0.560747655,0.223806686,18.1283416
Grow-Out,Ambient,Single,C,23,1_23_P02,3,1_23_11,0.224664731,0.223878729,18.13417705
Stress,High,Diverse,D,31,2_P19,4,2_31_42,0.062380245,0.224236972,3.13931761
Grow-Out,Ambient,Diverse,D,5,2_P01,9,2_5_54,0.316947801,0.224436971,18.17939464
Grow-Out,Ambient,Single,D,23,1_23_P03,4,1_23_31,0.385137608,0.224706667,18.20124
Grow-Out,Ambient,Single,D,23,1_23_P01,8,1_23_15,0.384127081,0.224863848,18.21397165
Grow-Out,Ambient,Single,C,2,1_2_P01,7,1_2_14,0.61430344,0.225373298,18.25523713
Grow-Out,Ambient,Single,C,2,1_2_P04,10,1_2_12,0.50064721,0.225908307,18.29857286
Stress,High,Single,D,5,1_5_P04,5,1_5_13,0.064402974,0.226111578,3.165562086
Grow-Out,Ambient,Single,C,5,1_5_P04,8,1_5_9,0.688363324,0.226160191,18.31897545
Grow-Out,Ambient,Diverse,B,32,2_P05,1,1_32_55,0.266962652,0.22658162,18.35311121
Grow-Out,Ambient,Diverse,B,31,2_P02,4,2_31_57,0.579190667,0.226607072,18.35517282
Grow-Out,Ambient,Diverse,B,1,2_P15,5,2_1_53,0.470776033,0.226656878,18.35920713
Stress,High,Single,C,31,1_31_P04,6,1_31_22,0.053988156,0.227112499,3.179574992
Grow-Out,Ambient,Single,B,23,1_23_P04,10,1_23_30,0.554991642,0.227545834,18.43121256
Grow-Out,Ambient,Diverse,B,2,2_P05,3,2_2_59,0.293328699,0.227844227,18.4553824
Stress,Ambient,Single,A,1,1_1_P01,2,1_1_18,0.136615393,0.228116581,3.193632128
Grow-Out,Ambient,Single,B,24,1_24_P01,9,1_24_20,0.782954223,0.228123593,18.47801103
Stress,Ambient,Diverse,B,31,2_P13,9,2_31_60,0.125517367,0.228501189,3.199016641
Grow-Out,Ambient,Single,B,24,1_24_P02,9,1_24_31,0.320083145,0.229530608,18.59197926
Grow-Out,Ambient,Diverse,B,23,2_P15,9,2_23_52,0.581209169,0.229797047,18.6135608
Grow-Out,Ambient,Diverse,B,5,2_P05,5,2_5_59,0.52885186,0.229849979,18.61784828
Stress,Ambient,Diverse,A,24,2_P09,3,2_24_49,0.255316282,0.230137103,3.221919444
Grow-Out,Ambient,Single,D,1,1_1_P03,7,1_1_40,0.383958659,0.230171003,18.64385122
Grow-Out,Ambient,Single,D,31,1_31_P03,5,1_31_23,0.281458044,0.2303308,18.65679483
Grow-Out,Ambient,Single,C,23,1_23_P02,7,1_23_33,0.214906458,0.230424884,18.66441563
Grow-Out,Ambient,Diverse,B,5,2_P15,2,2_5_47,0.317037795,0.230443361,18.66591225
Grow-Out,Ambient,Diverse,C,1,2_P19,9,2_1_59,0.609252369,0.231027961,18.71326484
Grow-Out,Ambient,Diverse,B,2,2_P04,9,2_2_56,0.279013153,0.231220425,18.72885445
Grow-Out,Ambient,Single,A,31,1_31_P04,3,1_31_14,0.195146473,0.231588084,18.75863484
Grow-Out,Ambient,Diverse,B,31,2_P05,2,2_31_50,0.507141679,0.231600388,18.75963147
Stress,Ambient,Single,A,4,1_4_P03,9,1_4_37,0.075116789,0.231834184,3.245678579
Grow-Out,Ambient,Diverse,D,5,2_P03,7,2_5_57,0.557003383,0.232484402,18.8312366
Grow-Out,Ambient,Single,C,1,1_1_P01,10,1_1_28,0.409482156,0.232914022,18.86603579
Stress,Ambient,Single,B,31,1_31_P02,3,1_31_3,0.050371525,0.233384363,3.267381082
Grow-Out,Ambient,Diverse,B,24,2_P05,4,2_24_47,0.355865584,0.234834503,19.02159477
Grow-Out,Ambient,Single,A,2,1_2_P02,1,1_2_32,0.630964496,0.235053035,19.03929585
Grow-Out,Ambient,Single,A,4,1_4_P02,5,1_4_24,0.549471791,0.235164225,19.0483022
Grow-Out,Ambient,Single,B,24,1_24_P01,2,1_24_32,0.575428118,0.235831867,19.10238122
Grow-Out,Ambient,Single,B,1,1_1_P02,1,1_1_9,0.834580674,0.236153447,19.12842919
Stress,Ambient,Single,A,1,1_1_P01,7,1_1_23,0.075409602,0.236620647,3.312689057
Grow-Out,Ambient,Single,D,32,1_32_P01,4,1_32_15,0.353617976,0.236723102,19.17457129
Stress,Ambient,Diverse,A,3,2_P02,1,2_3_46,0.077155828,0.236917395,3.31684353
Stress,Ambient,Diverse,B,5,2_P18,2,2_5_58,0.084448343,0.23698182,3.317745483
Grow-Out,Ambient,Single,C,5,1_5_P04,7,1_5_7,0.490580773,0.237144421,19.20869809
Stress,Ambient,Single,A,4,1_4_P03,2,1_4_3,0.063425047,0.237630383,3.326825361
Stress,High,Single,C,1,1_1_P04,8,1_1_36,0.146428753,0.238085701,3.333199811
Stress,High,Single,C,1,1_1_P04,3,1_1_62,0.099929099,0.239014687,3.346205624
Stress,Ambient,Single,A,31,1_31_P03,10,1_31_16,0.124058672,0.239113201,3.347584815
Grow-Out,Ambient,Single,B,4,1_4_P04,7,1_4_10,0.334480529,0.241503278,19.56176551
Stress,Ambient,Single,B,2,1_2_P02,3,1_2_61,0.089374937,0.241785535,3.384997486
Grow-Out,Ambient,Single,C,1,1_1_P04,3,1_1_62,0.489583774,0.242083807,19.60878838
Grow-Out,Ambient,Diverse,D,5,2_P07,3,2_5_48,0.677003909,0.2433482,19.7112042
Grow-Out,Ambient,Single,C,23,1_23_P02,1,1_23_24,0.173656951,0.244420828,19.79808705
Grow-Out,Ambient,Single,B,24,1_24_P02,7,1_24_39,0.288278823,0.248338925,20.11545288
Grow-Out,Ambient,Diverse,A,5,2_P20,4,2_5_41,0.513448552,0.251139067,20.3422644
Stress,Ambient,Diverse,A,2,2_P09,8,2_2_50,0.140808581,0.251593845,3.522313831
Grow-Out,Ambient,Diverse,A,31,2_P11,2,2_31_46,0.497122593,0.251709223,20.3884471
Grow-Out,Ambient,Diverse,C,4,2_P18,5,2_4_53,0.2311622,0.251858026,20.4005001
Grow-Out,Ambient,Diverse,C,4,2_P09,9,2_4_43,0.257102012,0.252302595,20.43651021
Grow-Out,Ambient,Single,C,1,1_1_P04,5,1_1_38,0.308426916,0.252429105,20.4467575
Grow-Out,Ambient,Single,D,23,1_23_P03,9,1_23_34,0.19466063,0.252849231,20.48078771
Grow-Out,Ambient,Diverse,D,31,2_P16,3,2_31_48,0.413668069,0.253825828,20.55989206
Stress,Ambient,Single,A,23,1_23_P03,4,1_23_31,0.087134602,0.254128575,3.55780005
Grow-Out,Ambient,Single,C,5,1_5_P01,2,1_5_4,0.178206875,0.254159186,20.58689409
Stress,Ambient,Diverse,A,12,2_P09,2,2_12_55,0.194762573,0.254321396,3.560499542
Grow-Out,Ambient,Diverse,D,24,2_P12,6,2_24_52,0.594032208,0.254429459,20.60878615
Grow-Out,Ambient,Single,C,2,1_2_P04,2,1_2_6,0.653704385,0.254690116,20.62989937
Grow-Out,Ambient,Diverse,C,32,2_P18,10,1_32_59,0.387035481,0.255036195,20.65793177
Grow-Out,Ambient,Single,D,23,1_23_P01,9,1_23_36,0.31394766,0.25535086,20.68341969
Grow-Out,Ambient,Single,B,23,1_23_P04,6,1_23_1,0.352695122,0.256384488,20.76714353
Grow-Out,Ambient,Single,C,23,1_23_P02,8,1_23_14,0.159087426,0.256393282,20.76785584
Grow-Out,Ambient,Single,A,2,1_2_P03,1,1_2_30,0.317807402,0.256877563,20.80708264
Grow-Out,Ambient,Diverse,D,23,2_P03,9,2_23_56,0.575280942,0.257175183,20.83118983
Grow-Out,Ambient,Single,B,23,1_23_P04,1,1_23_61,0.280737025,0.257513709,20.85861042
Grow-Out,Ambient,Single,C,5,1_5_P04,3,1_5_36,0.278663113,0.257941154,20.8932335
Stress,Ambient,Diverse,B,24,2_P04,8,2_24_53,0.082032664,0.259453538,3.632349529
Stress,Ambient,Diverse,B,1,2_P03,5,2_1_41,0.078077289,0.259828374,3.637597241
Grow-Out,Ambient,Single,C,5,1_5_P04,4,1_5_39,0.278768275,0.259881628,21.05041188
Grow-Out,Ambient,Single,B,24,1_24_P02,2,1_24_10,0.705926663,0.260626555,21.11075099
Grow-Out,Ambient,Single,C,2,1_2_P01,8,1_2_20,0.4997421,0.260899216,21.13283649
Stress,Ambient,Single,B,32,1_32_P02,10,1_32_7,0.080039742,0.261441647,3.660183065
Grow-Out,Ambient,Single,B,23,1_23_P04,3,1_23_3,0.271011509,0.261462007,21.17842256
Grow-Out,Ambient,Single,C,5,1_5_P03,3,1_5_16,0.377492585,0.2617527,21.20196874
Grow-Out,Ambient,Single,C,5,1_5_P01,5,1_5_15,0.329684811,0.26193733,21.21692375
Stress,Ambient,Single,A,4,1_4_P03,1,1_4_34,0.10109554,0.262073487,3.669028819
Grow-Out,Ambient,Single,A,4,1_4_P03,1,1_4_34,0.482244031,0.262186058,21.2370707
Grow-Out,Ambient,Diverse,A,4,2_P11,1,2_4_52,0.499307025,0.262229663,21.24060274
Grow-Out,Ambient,Single,A,4,1_4_P02,4,1_4_36,0.421178474,0.262432652,21.25704481
Grow-Out,Ambient,Diverse,A,24,2_P11,6,2_24_43,0.518645362,0.263893809,21.37539856
Grow-Out,Ambient,Single,C,5,1_5_P01,7,1_5_14,0.238253903,0.264048248,21.38790809
Stress,High,Diverse,C,2,2_P07,2,2_2_54,0.100216765,0.264794188,3.707118627
Grow-Out,Ambient,Single,C,2,1_2_P01,6,1_2_13,1.334031806,0.265722557,21.52352711
Grow-Out,Ambient,Single,C,23,1_23_P02,2,1_23_5,0.65279285,0.266514376,21.58766446
Grow-Out,Ambient,Single,B,4,1_4_P04,8,1_4_12,0.350668773,0.268418352,21.74188652
Stress,Ambient,Single,A,24,1_24_P03,9,1_24_29,0.144653477,0.268462283,3.758471965
Stress,Ambient,Single,B,23,1_23_P01,2,1_23_12,0.071214846,0.268708159,3.76191423
Stress,Ambient,Diverse,A,2,2_P11,5,2_2_60,0.12199827,0.270205775,3.782880853
Grow-Out,Ambient,Single,A,4,1_4_P03,9,1_4_37,0.438644074,0.27029002,21.89349162
Stress,Ambient,Single,A,2,1_2_P01,8,1_2_20,0.108174069,0.274963005,3.849482067
Stress,Ambient,Single,A,1,1_1_P01,9,1_1_19,0.131995437,0.274965009,3.849510132
Grow-Out,Ambient,Single,C,5,1_5_P01,9,1_5_1,0.276304507,0.276303564,22.38058866
Grow-Out,Ambient,Single,D,23,1_23_P03,5,1_23_13,0.308739495,0.276793617,22.42028295
Grow-Out,Ambient,Diverse,B,4,2_P15,8,2_4_45,0.601332382,0.277482645,22.47609428
Stress,Ambient,Diverse,A,4,2_P11,1,2_4_52,0.105670171,0.277995139,3.891931952
Grow-Out,Ambient,Diverse,B,1,2_P10,9,2_1_42,0.201613089,0.27836785,22.54779584
Grow-Out,Ambient,Single,C,12,1_12_P03,1,1_12_17,0.393287103,0.279273739,22.62117283
Grow-Out,Ambient,Single,C,12,1_12_P04,4,1_12_30,0.285515623,0.281770263,22.82339127
Grow-Out,Ambient,Diverse,D,2,2_P16,8,2_2_49,0.314639594,0.282781027,22.9052632
Grow-Out,Ambient,Single,D,23,1_23_P03,8,1_23_20,0.482370165,0.284607531,23.05320999
Grow-Out,Ambient,Single,D,1,1_1_P03,8,1_1_33,0.293538222,0.284885594,23.07573314
Stress,Ambient,Diverse,A,5,2_P02,6,2_5_49,0.121859441,0.285440396,3.996165539
Grow-Out,Ambient,Single,D,23,1_23_P03,2,1_23_6,0.218388095,0.285803153,23.15005536
Grow-Out,Ambient,Diverse,B,5,2_P02,6,2_5_49,0.575133527,0.286695177,23.22230935
Grow-Out,Ambient,Single,C,5,1_5_P03,2,1_5_24,0.316802468,0.287171065,23.26085629
Grow-Out,Ambient,Diverse,A,1,2_P11,7,2_1_49,0.518075309,0.288334176,23.35506822
Stress,Ambient,Diverse,A,5,2_P11,8,2_5_50,0.032886688,0.288812708,4.043377917
Stress,Ambient,Diverse,B,31,2_P03,4,2_31_43,0.073239534,0.289389886,4.051458401
Grow-Out,Ambient,Single,C,23,1_23_P02,9,1_23_21,0.31751407,0.289850985,23.47792982
Grow-Out,Ambient,Diverse,D,31,2_P12,7,2_31_24,0.369333132,0.289977735,23.48819655
Grow-Out,Ambient,Diverse,B,5,2_P10,5,2_5_55,0.938264221,0.290614118,23.53974356
Grow-Out,Ambient,Single,B,4,1_4_P04,2,1_4_13,0.326167186,0.292052189,23.65622733
Grow-Out,Ambient,Diverse,D,4,2_P07,6,2_4_57,0.455219552,0.292596281,23.7002988
Stress,High,Single,D,23,1_23_P04,3,1_23_3,0.060767414,0.292881154,4.100336156
Stress,Ambient,Single,B,4,1_4_P02,9,1_4_16,0.142216478,0.293567875,4.109950252
Grow-Out,Ambient,Single,C,2,1_2_P01,4,1_2_23,0.621806774,0.298643752,24.19014392
Stress,Ambient,Single,B,5,1_5_P01,10,1_5_28,0.045829118,0.298682142,4.181549988
Stress,Ambient,Single,A,24,1_24_P03,3,1_24_8,0.127882988,0.299051188,4.186716632
Grow-Out,Ambient,Single,C,1,1_1_P04,9,1_1_34,0.478287038,0.299094848,24.22668268
Grow-Out,Ambient,Single,D,4,1_4_P01,10,1_4_1,0.261385246,0.299895433,24.29153006
Stress,Ambient,Diverse,B,12,2_P04,2,2_12_61,0.082493611,0.300716281,4.210027933
Grow-Out,Ambient,Diverse,B,4,2_P05,10,2_4_46,0.572854342,0.302039808,24.46522445
Stress,Ambient,Single,A,31,1_31_P03,3,1_31_2,0.050046934,0.302751989,4.238527844
Grow-Out,Ambient,Single,B,1,1_1_P02,3,1_1_6,0.623151843,0.304034901,24.626827
Grow-Out,Ambient,Diverse,B,4,2_P04,1,2_4_61,0.192293566,0.304222373,24.64201222
Grow-Out,Ambient,Single,B,23,1_23_P04,2,1_23_23,0.624928731,0.305973727,24.78387192
Stress,High,Single,D,24,1_24_P02,3,1_24_2,0.192347852,0.306084184,4.285178582
Stress,Ambient,Single,A,12,1_12_P04,3,1_12_12,0.096816771,0.306960542,4.297447587
Grow-Out,Ambient,Single,C,5,1_5_P01,10,1_5_28,0.225640752,0.307528004,24.90976829
Grow-Out,Ambient,Diverse,A,23,2_P08,3,2_23_50,0.85148188,0.307745254,24.92736558
Stress,Ambient,Single,A,23,1_23_P03,9,1_23_34,0.049512069,0.309476168,4.332666359
Grow-Out,Ambient,Diverse,A,4,2_P08,2,2_4_41,0.323382948,0.309683176,25.08433724
Grow-Out,Ambient,Single,B,4,1_4_P04,5,1_4_4,0.453169001,0.310050702,25.1141069
Grow-Out,Ambient,Diverse,D,2,2_P07,2,2_2_54,0.548467454,0.314919003,25.50843921
Grow-Out,Ambient,Single,A,31,1_31_P04,4,1_31_24,0.340947356,0.315105555,25.52354996
Grow-Out,Ambient,Single,A,2,1_2_P02,5,1_2_18,0.52522937,0.315813564,25.58089866
Grow-Out,Ambient,Diverse,B,2,2_P15,7,2_2_52,0.526320163,0.318652174,25.81082607
Grow-Out,Ambient,Diverse,A,31,2_P20,8,2_31_45,0.287226321,0.318945479,25.83458383
Grow-Out,Ambient,Single,A,2,1_2_P02,8,1_2_19,0.318992861,0.322647982,26.13448652
Stress,High,Single,C,1,1_1_P04,9,1_1_34,0.110577932,0.32359959,4.530394261
Grow-Out,Ambient,Diverse,A,5,2_P08,6,2_5_43,0.596821838,0.324792343,26.3081798
Grow-Out,Ambient,Single,D,23,1_23_P01,4,1_23_32,0.242820555,0.325944518,26.40150594
Grow-Out,Ambient,Single,D,4,1_4_P01,6,1_4_23,0.356716294,0.326125117,26.41613451
Grow-Out,Ambient,Single,B,4,1_4_P04,9,1_4_22,0.349688206,0.33311939,26.98267062
Grow-Out,Ambient,Diverse,D,23,2_P07,7,2_23_60,0.44749324,0.333657333,27.02624398
Stress,Ambient,Single,A,12,1_12_P04,5,1_12_1,0.073251875,0.333794972,4.673129606
Grow-Out,Ambient,Diverse,D,4,2_P13,3,2_4_44,0.362486063,0.334989862,27.13417882
Stress,Ambient,Single,B,5,1_5_P01,1,1_5_30,0.098949183,0.338953417,4.745347833
Stress,Ambient,Single,B,31,1_31_P02,9,1_31_31,0.074024008,0.340348913,4.764884779
Stress,High,Single,D,32,1_32_P03,1,1_32_13,0.065681842,0.342904887,4.80066842
Stress,Ambient,Single,A,23,1_23_P03,6,1_23_38,0.172209258,0.345651921,4.839126892
Grow-Out,Ambient,Single,D,23,1_23_P01,10,1_23_7,0.196956099,0.346275574,28.04832149
Stress,Ambient,Diverse,A,4,2_P02,3,2_4_47,0.246473289,0.34677156,4.854801834
Grow-Out,Ambient,Single,C,2,1_2_P01,10,1_2_2,0.539034943,0.35001473,28.35119317
Grow-Out,Ambient,Single,B,5,1_5_P02,9,1_5_10,0.698727263,0.351078105,28.4373265
Grow-Out,Ambient,Single,C,5,1_5_P03,10,1_5_31,0.457369162,0.351699748,28.4876796
Grow-Out,Ambient,Single,D,4,1_4_P01,7,1_4_5,0.368630858,0.355052221,28.75922994
Grow-Out,Ambient,Single,A,2,1_2_P02,4,1_2_17,0.452901311,0.355985938,28.83486101
Grow-Out,Ambient,Single,C,5,1_5_P03,4,1_5_35,0.294744852,0.358729999,29.05712995
Stress,High,Single,C,23,1_23_P02,8,1_23_14,0.047870571,0.364022558,5.096315805
Grow-Out,Ambient,Single,B,1,1_1_P02,5,1_1_12,0.311001995,0.364857039,29.55342019
Stress,Ambient,Single,A,31,1_31_P03,5,1_31_23,0.090484172,0.365893943,5.122515204
Grow-Out,Ambient,Diverse,D,31,2_P13,9,2_31_60,0.897121827,0.370584806,30.0173693
Stress,High,Single,C,1,1_1_P04,6,1_1_5,0.224777763,0.37354812,5.229673677
Stress,Ambient,Single,A,4,1_4_P03,5,1_4_8,0.108566269,0.376360118,5.269041658
Stress,Ambient,Single,B,1,1_1_P03,4,1_1_15,0.085980154,0.380714165,5.329998309
Stress,Ambient,Diverse,A,32,2_P09,6,1_32_43,0.176605446,0.381653965,5.343155507
Grow-Out,Ambient,Diverse,C,5,2_P18,2,2_5_58,0.624466995,0.382060229,30.94687854
Stress,Ambient,Single,A,3,1_3_P04,7,1_3_35,0.23213611,0.385952446,5.403334238
Stress,Ambient,Diverse,A,3,2_P09,5,2_3_47,0.185967943,0.389580536,5.454127498
Stress,Ambient,Single,B,1,1_1_P03,8,1_1_33,0.083702945,0.391957965,5.487411517
Grow-Out,Ambient,Diverse,C,5,2_P09,10,2_5_56,0.676485201,0.393286283,31.85618894
Stress,Ambient,Single,B,1,1_1_P03,1,1_1_10,0.10930587,0.394157881,5.518210339
Grow-Out,Ambient,Single,B,4,1_4_P04,1,1_4_2,0.384941578,0.401904227,32.55424239
Stress,High,Single,D,5,1_5_P04,2,1_5_27,0.063910236,0.403604694,5.650465721
Stress,Ambient,Single,B,32,1_32_P02,4,1_32_14,0.097232178,0.403898297,5.654576152
Grow-Out,Ambient,Single,B,23,1_23_P04,4,1_23_19,0.265095118,0.404565871,32.76983555
Grow-Out,Ambient,Single,C,5,1_5_P03,7,1_5_21,0.255960337,0.408695842,33.10436318
Stress,High,Single,C,1,1_1_P04,1,1_1_61,0.248425418,0.409016353,5.726228941
Grow-Out,Ambient,Single,A,4,1_4_P02,7,1_4_27,0.710697735,0.41462241,33.58441518
Grow-Out,Ambient,Diverse,A,5,2_P11,8,2_5_50,0.229299976,0.417092785,33.78451556
Stress,High,Single,C,1,1_1_P04,4,1_1_63,0.116396458,0.424858354,5.948016958
Stress,Ambient,Diverse,A,23,2_P09,4,2_23_42,0.155457659,0.426508639,5.971120944
Grow-Out,Ambient,Single,B,3,1_3_P03,1,1_3_28,2.446379397,0.428813875,34.7339239
Stress,Ambient,Diverse,A,1,2_P09,7,2_1_57,0.386318435,0.431821948,6.045507267
Grow-Out,Ambient,Single,D,23,1_23_P03,3,1_23_35,0.370485764,0.432769462,35.05432639
Stress,High,Diverse,D,24,2_P05,4,2_24_47,0.143812922,0.434517145,6.083240025
Grow-Out,Ambient,Single,C,5,1_5_P01,6,1_5_12,0.38029252,0.435325389,35.26135654
Grow-Out,Ambient,Single,B,4,1_4_P04,6,1_4_15,0.401357641,0.448650604,36.3406989
Grow-Out,Ambient,Single,C,5,1_5_P03,6,1_5_19,0.243693666,0.449611701,36.41854776
Grow-Out,Ambient,Diverse,B,5,2_P04,5,2_5_53,0.655728858,0.455254307,36.87559883
Grow-Out,Ambient,Single,B,4,1_4_P04,4,1_4_6,0.94129388,0.461386703,37.37232295
Stress,Ambient,Single,B,1,1_1_P03,2,1_1_11,0.249568521,0.463292886,6.486100405
Grow-Out,Ambient,Single,B,24,1_24_P03,8,1_24_13,0.93685451,0.465875552,37.73591971
Grow-Out,Ambient,Single,B,5,1_5_P02,2,1_5_38,0.835463572,0.48461087,39.25348043
Grow-Out,Ambient,Diverse,B,23,2_P10,6,2_23_53,1.017238219,0.492942594,39.92835009
Stress,Ambient,Single,B,1,1_1_P03,6,1_1_31,0.091060242,0.500335644,7.004699022
Stress,Ambient,Diverse,B,23,2_P08,3,2_23_50,0.296288031,0.501195669,7.01673937
Grow-Out,Ambient,Single,B,23,1_23_P04,5,1_23_8,0.360020594,0.503764583,40.80493121
Stress,Ambient,Single,B,5,1_5_P01,7,1_5_14,0.099928398,0.521462211,7.300470953
Stress,Ambient,Diverse,A,31,2_P09,1,2_31_54,0.228761323,0.521676533,7.303471457
Stress,Ambient,Single,B,5,1_5_P01,2,1_5_4,0.079049253,0.53129161,7.438082534
Grow-Out,Ambient,Single,B,5,1_5_P02,7,1_5_32,0.920596688,0.554970686,44.95262557
Grow-Out,Ambient,Single,B,5,1_5_P02,5,1_5_40,0.689279547,0.564018359,45.68548707
Stress,Ambient,Single,B,4,1_4_P02,8,1_4_25,0.245031774,0.595133807,8.331873302
Stress,High,Single,C,1,1_1_P04,7,1_1_25,0.149903506,0.601072319,8.415012471
Stress,Ambient,Single,B,5,1_5_P01,6,1_5_12,0.123581737,0.62962218,8.81471052
Stress,High,Single,D,23,1_23_P04,4,1_23_19,0.092506953,0.649557762,9.093808671
Stress,Ambient,Diverse,A,4,2_P09,9,2_4_43,0.153500562,0.729354658,10.21096522
Grow-Out,Ambient,Single,B,5,1_5_P02,1,1_5_5,0.633446035,0.749870804,60.73953509
Grow-Out,Ambient,Single,B,5,1_5_P02,4,1_5_26,0.769085856,0.750480773,60.78894258
Grow-Out,Ambient,Diverse,B,24,2_P04,8,2_24_53,0.848708008,0.753571433,61.03928608
Stress,Ambient,Diverse,B,4,2_P04,1,2_4_61,0.100605698,0.827651966,11.58712752
Grow-Out,Ambient,Single,B,5,1_5_P02,10,1_5_22,0.542500767,0.887827407,71.91401995
Stress,Ambient,Single,A,31,1_31_P03,8,1_31_33,0.237538928,0.906977813,12.69768939
Grow-Out,Ambient,Single,B,5,1_5_P02,6,1_5_8,0.66612543,0.952748371,77.17261803
Grow-Out,Ambient,Single,B,5,1_5_P02,8,1_5_6,0.861174212,0.996849374,80.74479929
Stress,Ambient,Single,B,3,1_3_P03,5,1_3_24,0.821040249,1.036721702,14.51410383
Grow-Out,Ambient,Diverse,C,5,2_P06,8,2_5_60,2.447430804,1.197517418,96.99891089
Grow-Out,Ambient,Single,B,5,1_5_P02,3,1_5_29,0.851110475,1.220672811,98.87449772
Stress,High,Diverse,C,2,2_P10,2,2_2_53,0.667382948,1.684585311,23.58419436
Stress,Ambient,Single,A,3,1_3_P04,1,1_3_12,NA,NA,NA
Stress,Ambient,Single,B,32,1_32_P02,5,1_32_21,NA,NA,NA
Stress,High,Single,D,12,1_12_P02,2,1_12_34,NA,NA,NA
Stress,High,Diverse,C,5,2_P06,8,2_5_60,NA,NA,NA
Stress,Ambient,Single,A,2,1_2_P01,1,1_2_24,NA,NA,NA
Stress,Ambient,Single,B,32,1_32_P02,1,1_32_63,NA,NA,NA
Stress,Ambient,Single,B,5,1_5_P01,3,1_5_3,NA,NA,NA
Stress,Ambient,Diverse,A,31,2_P01,4,2_31_56,NA,NA,NA